user0;-1;-1;1;-1;1;-1;1;0;1;-1;1;0;0;0;1;1;1;0;0;-1;-1;0;1;-1;1;-1;-1;0;0;0;0;1;0;-1;-1;0;0;1;-1;1;1;0;-1;0;1;-1;1;-1;-1;1;0;1;1;-1;0;-1;0;1;0;0;-1;-1;0;-1;0;1;-1;1;0;0;0;0;0;1;-1;-1;-1;0;1;1;0;1;0;-1;0;-1;-1;1;1;0;-1;-1;0;1;-1;-1;0;0;0;1;-1;0;1;1;1;-1;0;1;0;0;0;-1;-1;0;0;-1;0;1;0;1;-1;0;1;-1;-1;0;1;-1;-1;-1;1;1;-1;1;0;-1
user1;-1;0;0;-1;0;1;1;-1;1;1;1;1;1;0;0;0;0;1;1;1;-1;0;1;0;1;0;1;0;1;0;-1;-1;1;0;-1;-1;1;1;0;0;-1;-1;-1;-1;0;1;0;1;1;-1;0;-1;-1;-1;0;0;-1;0;-1;-1;0;1;1;0;-1;1;-1;0;1;-1;-1;-1;1;-1;0;-1;1;1;1;-1;1;-1;1;-1;-1;1;0;1;-1;0;-1;0;-1;0;0;1;1;0;-1;0;1;0;-1;0;-1;-1;0;-1;-1;1;0;-1;1;0;0;1;1;-1;1;1;0;1;1;-1;1;1;0;0;1;0;-1;0;1;-1;-1;1
user2;-1;1;1;-1;1;0;1;-1;-1;1;0;1;1;1;0;1;0;-1;0;-1;-1;1;1;1;-1;0;1;1;0;-1;-1;0;1;-1;-1;-1;1;1;1;-1;1;1;1;1;0;1;-1;-1;1;-1;1;0;1;-1;1;1;1;0;0;0;0;-1;-1;-1;0;-1;1;0;0;1;-1;0;0;1;-1;0;1;-1;0;-1;1;0;1;0;1;0;1;-1;-1;1;-1;-1;1;1;0;-1;-1;1;1;0;0;1;0;1;0;0;1;-1;-1;-1;1;-1;-1;0;0;1;1;1;0;0;-1;0;0;-1;-1;-1;-1;0;1;0;0;1;-1;1;0;-1
user3;0;0;-1;0;0;1;-1;1;1;0;-1;0;0;-1;-1;1;1;0;0;-1;0;1;0;0;0;1;1;0;-1;-1;0;-1;0;-1;1;0;0;0;-1;1;0;0;0;0;0;1;1;-1;0;1;0;1;-1;-1;-1;-1;1;-1;1;-1;-1;1;0;-1;-1;-1;0;1;-1;1;-1;0;1;-1;-1;-1;0;-1;-1;1;0;0;-1;1;1;1;1;-1;1;1;-1;1;1;1;-1;0;0;-1;1;0;0;1;0;-1;-1;1;1;0;0;0;-1;-1;0;-1;0;-1;1;0;0;-1;1;-1;0;-1;1;-1;0;1;-1;-1;-1;-1;1;0;-1;1
user4;1;-1;-1;1;0;1;-1;1;-1;0;1;-1;1;0;-1;0;-1;1;1;0;0;0;0;0;-1;-1;1;-1;1;1;-1;1;0;0;1;-1;-1;0;-1;1;1;-1;-1;0;0;1;1;0;1;0;-1;0;-1;1;1;1;0;-1;1;0;1;1;-1;-1;0;0;-1;-1;-1;-1;0;-1;0;-1;0;1;0;1;0;1;-1;1;1;0;1;1;-1;1;-1;-1;1;1;-1;-1;1;0;1;-1;-1;1;0;0;0;1;1;1;0;-1;1;0;1;-1;-1;1;-1;1;0;1;-1;-1;0;0;0;1;1;0;-1;0;-1;1;1;0;-1;0;1;1
user5;1;0;-1;-1;1;0;1;1;0;0;0;0;-1;0;1;0;1;0;-1;-1;0;0;1;0;1;1;-1;1;1;1;-1;-1;1;0;0;1;1;-1;0;-1;1;-1;-1;-1;1;-1;-1;-1;1;-1;1;0;-1;0;0;0;-1;-1;0;1;1;-1;1;-1;0;0;1;1;0;0;1;1;0;0;0;0;1;0;1;-1;0;-1;1;-1;1;1;-1;-1;-1;-1;0;1;1;1;-1;-1;-1;0;0;-1;0;-1;0;0;-1;0;0;1;-1;0;1;1;-1;-1;1;-1;0;0;1;-1;-1;1;0;1;1;0;1;1;-1;1;1;0;0;1;-1;1
user6;-1;-1;1;0;0;1;1;0;1;1;0;1;0;0;0;1;0;1;-1;-1;-1;-1;1;-1;-1;0;1;1;1;-1;1;1;1;0;-1;0;1;1;-1;1;1;-1;1;0;-1;1;1;0;0;0;-1;-1;1;1;0;-1;1;1;-1;1;1;0;-1;-1;-1;0;0;1;1;1;0;0;1;0;1;-1;0;1;0;-1;-1;1;1;-1;1;0;-1;-1;1;0;-1;0;-1;-1;0;1;1;1;0;1;1;0;0;-1;1;1;0;1;1;0;1;-1;-1;0;-1;1;0;-1;1;0;1;0;0;0;-1;0;1;-1;0;0;1;0;1;-1;0;-1
user7;-1;1;-1;-1;-1;1;0;1;-1;1;0;0;1;1;-1;-1;-1;-1;0;1;1;0;1;0;-1;1;0;0;-1;0;1;-1;-1;1;1;-1;-1;1;1;-1;1;1;-1;0;1;1;-1;0;-1;-1;-1;1;-1;1;0;1;1;1;-1;1;0;1;1;0;-1;-1;-1;-1;-1;0;-1;0;0;0;-1;-1;0;0;-1;0;-1;0;1;1;-1;0;-1;-1;0;1;1;-1;1;1;-1;1;0;1;1;0;-1;0;1;-1;-1;-1;-1;-1;1;-1;1;-1;-1;1;1;0;1;-1;-1;-1;0;-1;1;0;-1;1;-1;-1;1;1;-1;-1;1;1;0;-1
user8;-1;0;1;-1;1;-1;1;1;0;-1;-1;-1;1;-1;0;0;1;1;-1;0;-1;0;1;-1;-1;0;-1;-1;-1;0;-1;-1;1;-1;0;0;-1;1;1;0;-1;0;0;-1;0;0;-1;1;-1;0;-1;-1;1;-1;0;1;-1;1;-1;1;0;-1;1;-1;1;0;0;1;0;-1;-1;-1;1;0;-1;1;-1;-1;-1;0;1;-1;1;-1;-1;1;-1;-1;0;0;0;1;1;0;-1;0;-1;-1;-1;-1;-1;-1;1;0;1;-1;0;-1;-1;-1;0;0;0;0;1;1;1;-1;0;-1;1;-1;1;0;-1;-1;-1;0;0;-1;1;-1;0;-1;0;1
user9;1;1;1;-1;0;0;-1;1;-1;0;0;0;-1;1;-1;1;0;1;0;0;-1;0;1;-1;1;0;-1;-1;1;1;1;0;-1;-1;0;0;-1;0;0;0;-1;1;1;-1;-1;-1;0;1;-1;-1;1;-1;-1;-1;-1;-1;0;-1;-1;-1;1;0;-1;1;-1;1;1;-1;1;1;1;0;0;0;0;0;1;0;-1;1;0;-1;0;0;0;1;-1;0;0;1;0;-1;0;-1;0;1;1;1;0;0;0;-1;-1;1;1;-1;1;0;0;0;0;1;1;1;-1;1;0;0;1;1;-1;1;1;-1;1;-1;0;0;1;-1;1;1;1;0;1;-1
user10;-1;1;0;0;-1;0;-1;1;0;0;-1;-1;0;-1;0;1;0;-1;0;1;-1;0;-1;1;0;-1;-1;0;-1;0;0;-1;1;0;0;0;0;1;1;1;-1;1;-1;0;1;-1;1;1;1;-1;-1;-1;0;-1;1;-1;0;-1;0;-1;0;1;-1;-1;1;1;-1;-1;-1;0;1;1;0;-1;-1;-1;-1;1;-1;-1;0;0;1;1;1;1;1;1;0;-1;1;-1;1;1;1;1;1;0;-1;-1;1;1;0;0;-1;-1;-1;1;1;1;1;-1;1;-1;1;-1;1;-1;-1;1;0;1;1;-1;1;0;0;0;1;1;1;0;-1;1;1;-1
user11;0;0;1;1;1;1;0;1;-1;-1;0;-1;-1;0;-1;-1;-1;0;1;0;0;-1;-1;0;1;-1;0;1;0;0;0;0;0;0;-1;0;-1;1;1;1;0;-1;-1;1;1;0;1;-1;1;0;1;0;-1;-1;-1;0;-1;1;1;-1;-1;0;1;0;-1;-1;-1;0;-1;-1;0;-1;-1;-1;1;0;1;-1;-1;0;1;1;-1;-1;1;-1;0;0;1;-1;1;1;1;0;0;1;0;-1;-1;-1;1;1;1;1;0;0;0;1;1;0;0;0;-1;-1;0;-1;-1;1;1;-1;1;0;-1;-1;1;1;0;-1;-1;0;0;0;-1;-1;1;1
user12;1;1;-1;0;1;-1;1;-1;0;-1;-1;-1;1;0;0;1;1;1;0;0;0;1;1;0;1;-1;-1;1;-1;1;0;-1;-1;1;-1;-1;-1;-1;1;1;-1;0;1;-1;0;0;-1;-1;0;1;-1;1;1;0;-1;1;1;0;-1;0;-1;0;-1;-1;-1;0;-1;-1;0;-1;-1;-1;1;-1;-1;1;-1;0;1;0;0;0;-1;1;-1;0;0;1;1;-1;1;0;-1;-1;-1;-1;-1;-1;1;-1;1;1;0;1;-1;0;0;0;0;1;1;1;1;0;0;0;-1;0;0;-1;-1;-1;-1;1;1;0;0;0;0;1;0;1;1;1;1;-1
user13;1;-1;1;1;1;1;0;1;0;0;0;-1;1;0;0;0;0;1;1;1;0;0;0;-1;0;1;-1;-1;-1;0;-1;1;-1;1;1;-1;-1;0;0;1;-1;0;-1;1;-1;1;-1;1;1;-1;1;-1;-1;0;1;1;0;0;1;0;0;1;1;-1;0;1;1;-1;1;-1;1;1;0;0;0;1;1;1;1;1;1;0;0;0;0;-1;-1;0;0;0;-1;1;-1;1;-1;1;0;-1;1;1;-1;0;1;1;1;-1;0;0;1;-1;1;-1;1;0;0;0;0;0;1;-1;0;0;0;1;1;0;-1;-1;0;0;0;0;1;1;0;0
user14;-1;1;0;1;0;0;-1;-1;-1;0;0;0;-1;0;0;0;-1;0;0;1;1;0;1;0;-1;0;0;1;0;-1;0;-1;-1;0;1;0;1;1;-1;1;-1;1;-1;0;1;-1;1;-1;0;1;1;-1;-1;1;1;-1;-1;-1;0;-1;0;1;1;-1;-1;0;-1;0;0;1;1;0;0;-1;1;1;1;0;-1;0;0;1;0;0;-1;1;1;0;0;-1;0;0;0;0;0;1;-1;-1;0;0;0;-1;1;-1;1;-1;0;1;-1;1;-1;0;-1;0;-1;1;-1;-1;-1;0;-1;0;-1;0;-1;-1;-1;1;1;1;1;-1;-1;-1;0;1
user15;0;0;-1;1;0;-1;0;-1;1;0;1;-1;0;1;1;0;1;-1;0;1;0;1;0;-1;0;-1;1;-1;0;1;-1;1;1;-1;0;-1;0;0;-1;0;1;1;1;-1;1;1;1;0;0;-1;1;0;0;-1;1;-1;1;-1;-1;0;0;0;1;-1;-1;-1;1;-1;0;1;1;0;1;0;-1;0;-1;-1;1;1;0;-1;-1;0;0;-1;0;1;1;1;0;1;-1;-1;0;0;1;1;0;1;0;-1;1;0;-1;1;0;0;0;-1;0;1;1;1;1;1;-1;-1;0;-1;-1;-1;-1;0;1;-1;1;0;-1;1;0;-1;0;0;-1;-1
user16;0;0;-1;0;1;-1;1;0;0;1;-1;1;1;1;0;1;0;0;0;0;-1;-1;-1;0;-1;0;0;1;1;1;1;-1;-1;-1;-1;1;0;-1;0;-1;0;-1;0;0;0;0;-1;1;0;-1;0;-1;0;-1;1;-1;1;0;0;1;0;0;0;1;0;0;0;0;-1;-1;0;-1;1;-1;-1;-1;1;0;-1;0;1;0;0;0;-1;1;-1;-1;0;0;1;0;-1;-1;1;0;0;1;-1;1;1;1;-1;0;-1;0;0;1;0;-1;0;-1;1;1;1;-1;-1;-1;0;0;0;1;0;-1;0;1;1;-1;0;1;1;0;1;-1;1;1
user17;-1;-1;-1;1;1;1;-1;-1;1;0;1;-1;1;0;0;0;-1;0;1;0;0;-1;-1;0;-1;0;-1;1;-1;-1;0;-1;-1;-1;1;-1;0;-1;1;-1;1;-1;-1;-1;-1;0;1;1;0;-1;-1;-1;0;1;-1;1;0;-1;0;-1;1;1;0;1;1;0;0;1;0;-1;-1;-1;1;1;-1;1;0;1;0;-1;0;1;1;-1;1;-1;1;1;0;0;0;-1;-1;0;-1;0;0;-1;-1;0;-1;0;0;-1;-1;-1;1;0;1;0;-1;-1;-1;1;1;-1;-1;0;1;0;-1;0;1;0;1;-1;1;0;0;-1;1;1;-1;0;1;1
user18;1;1;1;1;-1;-1;1;0;1;1;0;0;-1;-1;-1;1;0;0;-1;-1;-1;1;0;0;0;0;0;1;-1;1;1;-1;1;-1;0;-1;1;-1;-1;0;-1;0;0;1;0;-1;-1;1;-1;-1;-1;0;0;-1;1;-1;0;-1;0;1;-1;0;0;0;0;0;0;1;-1;-1;0;0;1;1;-1;-1;0;-1;0;1;1;-1;0;-1;-1;0;1;0;1;-1;1;0;1;-1;-1;1;0;1;1;0;-1;0;0;1;1;-1;0;0;0;0;-1;1;-1;0;1;-1;-1;1;-1;0;1;-1;-1;-1;0;1;-1;0;0;0;0;0;-1;1;0;-1
user19;-1;-1;-1;1;0;-1;-1;-1;0;1;1;-1;1;0;-1;-1;1;-1;0;0;1;1;1;0;1;0;0;1;1;1;0;1;0;1;0;0;1;1;0;0;0;1;0;0;-1;-1;-1;1;-1;0;0;0;1;0;-1;-1;-1;-1;0;1;1;0;0;-1;0;1;0;0;1;0;-1;-1;0;0;0;0;1;0;0;1;1;1;1;-1;0;-1;-1;-1;0;0;0;-1;1;-1;0;-1;-1;0;0;-1;1;1;0;0;1;0;-1;0;1;0;-1;-1;0;-1;1;-1;0;0;-1;-1;-1;1;-1;0;1;-1;-1;1;1;0;1;1;1;1;-1;-1
user20;0;1;-1;-1;1;-1;1;0;0;-1;-1;-1;0;-1;0;-1;0;1;-1;0;0;-1;-1;0;1;1;-1;0;0;-1;-1;1;-1;0;0;0;-1;0;1;0;0;0;-1;-1;-1;-1;-1;0;1;1;-1;1;1;1;0;1;0;1;0;0;0;0;0;1;-1;1;-1;0;1;-1;0;0;1;-1;-1;-1;0;0;0;0;0;1;0;1;0;-1;0;1;-1;1;0;1;1;0;1;0;0;1;0;0;1;1;0;-1;-1;1;0;1;0;1;0;-1;0;0;1;1;1;1;0;0;-1;0;1;1;0;0;-1;-1;-1;0;1;-1;-1;0;-1;1
user21;1;0;-1;1;-1;1;0;1;-1;-1;-1;1;-1;-1;1;-1;0;-1;0;-1;1;0;-1;1;1;-1;1;0;-1;1;-1;1;-1;0;0;1;1;0;-1;0;-1;1;1;0;1;-1;0;0;1;-1;0;-1;-1;1;0;-1;1;0;-1;-1;-1;-1;1;1;1;1;-1;0;1;-1;1;0;-1;-1;-1;0;-1;-1;0;-1;0;0;1;0;1;1;-1;0;0;-1;0;-1;-1;1;1;1;1;1;-1;1;1;-1;1;0;1;-1;-1;1;0;0;0;1;0;-1;1;0;-1;-1;1;1;1;-1;1;-1;1;-1;0;1;-1;-1;0;-1;0;1;0;-1
user22;0;0;0;1;1;-1;1;0;0;-1;0;-1;-1;1;1;-1;1;1;1;1;0;1;-1;0;-1;-1;0;-1;1;1;1;1;-1;-1;-1;-1;0;0;1;-1;1;0;0;1;-1;0;0;0;-1;0;-1;1;1;-1;-1;0;-1;-1;-1;1;-1;-1;-1;0;-1;0;0;-1;-1;0;0;0;-1;-1;-1;0;-1;1;1;0;-1;0;1;0;-1;1;0;-1;-1;1;1;-1;-1;0;0;0;0;-1;0;1;0;1;1;0;0;-1;0;-1;-1;0;-1;1;-1;1;-1;1;1;-1;1;0;0;1;-1;0;0;0;-1;-1;1;1;0;-1;0;1;1;0
user23;0;0;-1;1;-1;-1;-1;0;0;1;1;1;1;-1;0;0;1;-1;0;0;1;1;1;-1;-1;1;0;1;1;1;-1;-1;-1;1;-1;1;0;1;1;1;1;1;-1;0;-1;1;0;0;-1;1;-1;0;0;1;-1;1;1;0;1;1;0;-1;-1;0;0;0;1;0;1;0;1;-1;-1;-1;1;0;0;-1;0;0;1;-1;-1;1;1;-1;0;1;-1;-1;1;-1;1;1;0;0;0;-1;0;1;-1;1;0;-1;1;-1;0;0;-1;0;1;1;0;0;1;-1;0;1;1;-1;0;-1;-1;-1;0;-1;-1;-1;1;0;0;0;0;-1;0;1
user24;1;1;-1;0;0;0;0;-1;-1;-1;0;0;-1;0;1;-1;0;0;0;0;0;-1;-1;-1;-1;1;-1;0;-1;0;-1;-1;1;0;1;-1;1;1;0;-1;1;-1;0;-1;0;-1;1;1;-1;0;-1;0;0;-1;-1;0;-1;1;0;1;0;1;1;0;-1;-1;0;0;0;-1;-1;1;0;-1;1;-1;0;-1;1;-1;0;-1;-1;0;1;-1;0;-1;1;0;0;0;1;0;0;-1;-1;1;1;-1;1;0;0;-1;1;-1;-1;0;0;0;1;1;1;1;0;-1;0;0;-1;1;1;0;-1;0;-1;-1;-1;-1;1;0;0;1;1;0;0;1
user25;1;1;-1;0;1;-1;-1;1;-1;0;1;0;-1;1;-1;1;0;1;-1;0;-1;0;-1;-1;-1;0;-1;1;0;0;1;0;1;0;0;-1;0;-1;-1;1;1;1;-1;0;-1;-1;-1;1;-1;-1;-1;-1;1;0;1;-1;0;0;0;0;0;-1;1;-1;0;-1;0;-1;0;0;0;1;-1;-1;-1;-1;-1;0;-1;-1;0;0;1;-1;-1;0;-1;1;1;-1;0;-1;-1;1;-1;-1;1;0;-1;1;-1;0;-1;-1;-1;1;-1;0;0;-1;-1;0;0;0;0;-1;0;0;-1;-1;0;0;0;0;0;0;1;1;-1;-1;1;1;1;0;1;-1
user26;0;0;0;1;1;0;1;1;0;0;0;-1;0;1;0;1;-1;0;-1;1;0;0;0;1;-1;1;-1;1;1;1;1;1;0;-1;1;1;1;-1;-1;0;0;0;-1;-1;1;1;0;0;1;0;0;0;1;1;-1;1;0;0;1;1;0;-1;1;0;0;0;0;-1;-1;1;1;-1;1;0;-1;1;1;-1;1;1;-1;1;1;-1;1;1;1;0;1;-1;1;1;-1;-1;1;-1;1;-1;1;-1;-1;0;0;1;-1;-1;-1;1;-1;1;0;0;-1;0;-1;1;-1;-1;-1;0;1;1;0;0;0;-1;-1;-1;0;1;-1;-1;-1;-1;-1;1
user27;0;-1;0;-1;1;0;1;-1;-1;-1;1;-1;1;-1;0;1;1;0;1;-1;0;0;1;-1;1;-1;1;1;-1;-1;0;1;1;0;0;1;-1;0;1;-1;-1;0;0;0;-1;1;0;-1;0;0;-1;1;0;1;1;-1;-1;-1;1;1;-1;0;0;1;-1;0;-1;1;0;0;0;1;-1;-1;0;1;0;-1;1;1;-1;0;1;0;0;0;0;1;-1;0;0;-1;-1;-1;-1;-1;0;-1;-1;1;-1;-1;1;-1;0;1;-1;1;0;-1;0;0;0;1;0;-1;1;0;-1;1;0;0;0;0;1;-1;1;-1;-1;1;-1;1;-1;0;0;1
user28;1;-1;1;1;0;1;-1;0;0;1;1;1;0;1;0;-1;1;-1;1;-1;0;0;1;0;0;-1;-1;-1;1;1;-1;1;1;0;0;0;0;1;0;-1;0;0;1;-1;-1;-1;0;-1;1;1;0;1;-1;-1;-1;0;0;-1;0;1;-1;1;-1;-1;0;1;-1;-1;-1;1;1;0;0;1;1;1;0;-1;-1;0;0;-1;0;1;1;1;1;-1;-1;-1;0;-1;0;-1;1;-1;0;-1;0;-1;-1;0;-1;-1;-1;0;-1;0;0;0;-1;-1;0;0;1;0;-1;-1;0;-1;1;1;1;1;1;-1;-1;1;0;1;0;1;0;-1;0;1
user29;-1;0;1;0;-1;0;0;0;0;1;1;-1;0;1;0;-1;1;-1;-1;1;-1;-1;1;0;1;0;0;1;0;0;1;1;-1;1;0;1;0;-1;1;1;1;-1;-1;1;1;-1;0;-1;0;-1;-1;-1;0;-1;0;1;-1;-1;-1;0;0;1;0;-1;0;1;1;0;-1;1;-1;0;-1;1;1;1;1;0;1;0;0;-1;-1;0;-1;0;0;0;-1;0;1;1;-1;0;-1;1;0;1;0;0;-1;-1;0;1;0;1;-1;0;-1;-1;1;-1;0;0;1;1;-1;1;0;1;0;-1;1;1;1;0;1;0;0;1;0;1;0;-1;0;0
user30;1;1;0;0;1;-1;0;-1;1;-1;1;1;0;1;-1;0;-1;0;0;0;0;-1;1;-1;-1;1;0;-1;1;1;-1;0;0;1;-1;-1;0;1;0;-1;-1;1;1;0;0;0;-1;0;0;-1;-1;0;-1;0;-1;1;1;1;1;-1;1;0;0;1;-1;1;-1;1;0;1;0;1;0;0;1;0;1;0;0;-1;0;-1;-1;-1;0;1;0;0;-1;1;-1;1;0;-1;-1;0;-1;0;-1;0;-1;0;1;0;0;0;-1;-1;0;-1;1;-1;1;0;0;-1;1;1;0;1;0;1;-1;-1;-1;0;-1;1;-1;-1;1;-1;0;0;1;1
user31;1;0;1;-1;0;0;1;1;1;1;-1;-1;0;0;0;1;1;-1;0;1;0;-1;0;1;1;1;-1;-1;-1;0;-1;0;-1;-1;-1;-1;1;-1;0;1;0;1;-1;0;1;0;0;0;1;1;0;1;0;0;1;0;-1;1;0;0;-1;-1;-1;0;1;-1;-1;1;1;1;-1;0;1;-1;1;1;0;1;-1;1;0;1;1;1;-1;-1;0;1;0;1;0;0;-1;1;-1;1;1;0;0;1;-1;0;-1;0;1;0;0;0;-1;1;-1;1;0;0;0;1;-1;0;-1;0;-1;-1;0;-1;0;0;1;1;1;-1;-1;0;1;-1;1;0
user32;0;-1;0;-1;1;-1;0;0;1;0;1;1;-1;0;-1;1;-1;-1;1;1;0;-1;1;-1;-1;-1;-1;1;0;0;0;1;0;1;-1;-1;1;0;1;-1;-1;1;-1;0;-1;1;0;-1;-1;0;-1;0;0;0;-1;0;1;-1;-1;1;-1;-1;0;0;0;1;0;-1;-1;0;-1;-1;0;-1;1;1;-1;0;1;1;0;-1;1;0;1;-1;-1;1;1;-1;-1;0;-1;-1;1;-1;0;-1;1;0;0;1;0;-1;0;1;0;-1;0;1;1;-1;0;0;0;1;0;-1;1;-1;0;0;-1;0;0;1;-1;-1;-1;1;0;1;-1;1;1;1
user33;1;0;1;1;-1;0;-1;0;-1;-1;-1;-1;0;-1;-1;1;-1;-1;1;0;-1;0;0;0;1;0;0;0;1;1;0;1;0;1;1;1;1;0;1;0;0;0;-1;0;0;-1;-1;0;-1;1;0;1;0;0;0;1;1;-1;0;0;-1;1;-1;0;1;-1;1;-1;-1;-1;0;-1;0;0;1;1;1;0;-1;0;1;1;0;1;0;-1;1;0;1;1;-1;-1;1;0;1;1;0;1;-1;1;-1;-1;0;-1;0;0;0;-1;1;0;1;0;-1;-1;1;1;0;0;1;-1;1;0;1;1;0;-1;-1;1;1;-1;0;0;-1;0;1;1
user34;-1;1;1;1;-1;1;1;0;1;0;-1;1;0;1;-1;1;0;-1;1;-1;1;-1;-1;0;1;1;1;0;0;-1;-1;0;0;-1;1;1;-1;1;1;-1;1;0;-1;-1;-1;1;0;1;1;1;1;-1;1;-1;1;0;0;0;1;-1;0;1;0;0;0;-1;1;-1;1;0;-1;-1;1;0;-1;0;1;0;0;1;1;1;0;1;0;1;1;1;1;1;0;1;0;-1;0;1;1;-1;1;1;1;0;0;1;0;0;1;0;-1;-1;1;0;0;1;0;1;1;-1;0;-1;1;0;1;-1;1;0;1;1;0;0;1;-1;-1;1;-1;-1
user35;0;-1;0;1;-1;0;1;-1;-1;0;0;1;0;-1;0;1;-1;-1;-1;-1;0;0;0;-1;1;-1;1;0;1;-1;0;-1;-1;1;-1;-1;0;-1;-1;0;-1;1;1;1;1;0;0;1;0;0;0;1;-1;-1;0;0;0;0;-1;0;1;0;0;0;0;-1;-1;1;-1;-1;0;1;-1;-1;1;0;-1;-1;1;0;1;1;1;-1;1;0;0;-1;0;-1;-1;0;0;-1;1;1;0;1;-1;0;-1;0;0;-1;1;-1;1;0;0;0;0;1;1;-1;1;-1;0;1;1;-1;-1;-1;1;0;-1;-1;1;-1;0;1;0;0;1;0;1;1
user36;0;1;0;1;0;0;1;-1;1;-1;-1;1;1;0;0;-1;0;-1;0;-1;1;1;1;1;1;-1;0;-1;0;1;1;0;1;1;-1;-1;-1;1;1;0;0;1;0;-1;1;1;0;1;0;-1;-1;-1;1;1;-1;1;-1;1;1;1;0;1;-1;0;1;1;1;0;-1;-1;0;1;-1;-1;0;1;-1;-1;-1;0;1;1;-1;-1;1;1;-1;0;1;-1;-1;-1;0;1;1;1;0;0;0;1;-1;0;-1;1;-1;-1;1;-1;-1;-1;1;1;0;1;-1;0;-1;0;1;-1;0;1;1;0;1;1;0;0;-1;1;-1;1;0;0;0;1
user37;-1;-1;-1;-1;0;-1;-1;0;0;-1;1;0;-1;1;1;-1;1;-1;1;0;1;0;-1;1;1;0;0;1;-1;0;1;0;-1;1;1;-1;-1;1;0;0;0;0;-1;1;1;-1;1;1;1;-1;1;0;0;1;1;-1;0;-1;0;0;-1;0;-1;1;0;0;0;-1;1;-1;-1;0;0;0;0;0;1;0;0;0;-1;1;1;0;1;0;0;-1;1;0;-1;-1;1;-1;0;1;-1;0;1;-1;-1;0;0;-1;0;0;-1;0;-1;1;0;0;0;0;-1;-1;0;0;-1;1;-1;1;-1;1;0;0;0;0;-1;1;0;0;-1;1;-1;1
user38;0;-1;-1;-1;1;1;-1;-1;1;-1;0;0;-1;1;0;-1;0;-1;-1;-1;-1;1;0;-1;1;1;-1;-1;-1;1;0;-1;-1;1;1;0;1;0;-1;1;-1;1;1;0;0;-1;-1;1;1;-1;-1;1;-1;0;0;0;-1;1;1;1;-1;0;0;1;0;1;0;-1;1;0;0;-1;-1;-1;1;0;0;1;-1;-1;1;1;0;-1;-1;-1;0;0;-1;0;-1;-1;-1;0;-1;0;0;-1;0;0;0;0;0;1;-1;0;-1;1;0;-1;0;1;0;1;-1;-1;1;-1;1;-1;0;-1;-1;0;-1;0;1;-1;1;0;-1;-1;1;-1;1;1
user39;0;1;-1;1;-1;1;1;-1;0;0;-1;0;1;-1;-1;0;1;-1;1;-1;-1;1;-1;0;-1;0;1;0;-1;0;1;-1;-1;1;1;0;1;-1;1;0;1;1;-1;0;1;0;1;0;-1;1;-1;-1;1;0;-1;-1;1;0;-1;-1;-1;-1;-1;0;1;-1;1;1;1;1;-1;0;1;-1;-1;0;1;0;1;0;0;1;0;-1;1;1;0;0;-1;-1;1;0;-1;0;0;-1;1;1;1;0;-1;-1;0;0;-1;1;1;0;0;1;-1;1;0;-1;0;0;-1;-1;0;-1;-1;0;1;1;-1;-1;-1;-1;1;1;1;0;1;1;-1;-1
user40;-1;1;-1;0;-1;0;1;0;0;1;0;0;1;-1;0;-1;0;1;-1;-1;-1;-1;1;0;1;1;-1;-1;0;0;-1;0;0;0;0;1;1;-1;1;1;-1;0;-1;0;-1;0;1;-1;0;1;1;1;-1;1;1;0;1;0;1;-1;1;1;0;-1;1;-1;0;-1;0;-1;0;1;0;-1;-1;-1;1;-1;-1;0;0;1;1;0;0;0;1;-1;1;-1;0;1;0;0;0;0;1;1;0;1;0;0;-1;1;-1;0;-1;1;0;-1;-1;0;1;0;1;-1;1;1;1;0;1;-1;0;1;-1;1;-1;0;1;1;1;1;1;-1;-1;-1
user41;0;0;1;0;1;1;1;1;0;1;-1;-1;1;0;1;-1;1;1;-1;1;-1;-1;0;1;1;1;0;0;1;1;1;-1;0;0;0;1;-1;-1;-1;0;0;1;-1;0;1;-1;1;1;-1;-1;-1;-1;0;1;1;0;1;1;1;0;1;0;-1;-1;1;-1;1;1;0;1;-1;0;-1;-1;1;0;1;1;0;-1;-1;0;1;0;0;0;0;1;1;1;1;0;-1;0;0;1;1;0;1;0;-1;-1;1;-1;-1;0;1;1;-1;-1;1;0;1;1;-1;1;0;0;-1;1;-1;-1;1;-1;-1;-1;-1;0;1;1;1;-1;-1;1;-1;1
user42;1;-1;1;1;-1;0;1;-1;0;0;-1;0;0;0;-1;-1;0;-1;-1;0;0;0;0;-1;1;0;-1;0;1;1;0;0;1;0;1;0;0;1;-1;0;-1;1;1;-1;-1;1;-1;0;0;-1;-1;-1;-1;-1;0;0;0;-1;1;0;0;0;0;-1;-1;1;-1;1;1;0;1;1;0;1;0;-1;1;-1;1;0;0;1;-1;-1;-1;0;0;-1;-1;-1;1;-1;1;1;1;-1;0;-1;-1;0;-1;0;1;0;-1;1;1;1;0;0;1;-1;-1;0;0;-1;-1;1;0;0;-1;0;0;-1;1;-1;-1;0;-1;0;1;-1;0;1;0;1
user43;1;0;-1;1;1;0;0;-1;0;1;1;0;1;1;0;0;1;-1;1;1;0;0;-1;-1;0;-1;1;1;-1;-1;1;0;-1;-1;1;1;0;0;1;-1;-1;-1;0;1;0;-1;-1;0;1;0;1;-1;1;1;-1;-1;1;1;-1;0;1;0;-1;0;-1;1;-1;1;-1;-1;-1;0;-1;0;0;1;0;1;1;1;0;0;0;0;-1;1;0;1;1;0;1;-1;0;0;-1;1;-1;-1;1;1;0;-1;1;1;1;0;0;0;1;-1;1;-1;1;1;-1;0;-1;1;0;1;0;-1;0;0;1;1;1;1;-1;1;-1;0;0;0;1;1
user44;1;1;-1;1;-1;1;0;-1;-1;-1;-1;-1;0;-1;-1;1;0;-1;0;0;-1;0;0;-1;0;-1;0;-1;1;-1;0;0;-1;1;1;1;-1;1;0;-1;0;1;1;1;1;0;0;0;1;0;0;-1;-1;-1;0;-1;1;0;1;1;-1;1;-1;0;0;1;0;-1;1;1;-1;1;1;-1;1;0;0;1;-1;1;1;-1;-1;1;0;0;-1;-1;-1;1;0;1;0;0;0;0;0;1;-1;1;1;0;0;0;0;0;1;-1;0;0;1;0;0;1;-1;-1;1;0;1;-1;0;-1;-1;-1;-1;0;0;-1;0;1;-1;0;1;-1;-1;0
user45;0;0;-1;1;1;-1;0;1;-1;0;0;0;-1;-1;1;-1;0;0;-1;1;-1;-1;-1;0;-1;-1;1;0;1;0;0;-1;-1;-1;1;-1;-1;0;0;0;-1;0;0;-1;1;-1;-1;0;1;1;0;1;1;0;0;1;0;0;-1;0;1;0;-1;1;0;0;-1;1;-1;1;0;-1;1;-1;1;-1;1;1;1;0;-1;1;0;0;-1;1;1;-1;1;-1;1;-1;-1;-1;1;-1;0;1;0;1;0;-1;0;-1;0;-1;-1;1;-1;1;-1;0;1;-1;1;-1;-1;0;-1;1;1;-1;0;-1;0;1;-1;1;-1;1;0;1;-1;1;0;0
user46;0;1;0;0;1;-1;0;1;0;1;-1;1;-1;-1;0;1;-1;0;0;1;-1;0;1;-1;0;1;-1;1;-1;0;1;1;0;0;-1;0;0;0;0;-1;0;1;1;1;-1;-1;0;-1;-1;-1;-1;0;1;1;1;-1;1;-1;0;0;0;-1;1;-1;-1;1;0;1;1;-1;1;1;1;-1;1;1;0;0;-1;0;1;-1;1;1;-1;-1;1;1;-1;-1;1;0;1;-1;1;0;-1;-1;0;0;-1;0;1;1;0;-1;-1;0;0;1;-1;-1;0;1;1;-1;0;0;1;1;-1;-1;0;1;0;-1;1;0;0;-1;-1;-1;-1;0;1;-1
user47;-1;1;1;0;-1;0;0;1;1;0;-1;-1;-1;0;1;0;1;0;1;-1;1;-1;-1;-1;-1;-1;0;1;0;0;1;1;0;0;-1;-1;1;0;0;-1;1;1;-1;-1;0;0;0;-1;-1;0;-1;0;1;-1;-1;-1;-1;1;-1;-1;-1;-1;0;-1;0;-1;1;0;0;0;0;1;-1;0;1;1;-1;0;1;1;0;1;1;0;0;-1;-1;1;0;1;1;1;-1;1;-1;-1;-1;1;0;1;1;1;1;-1;0;-1;-1;-1;0;-1;0;0;0;0;0;0;1;1;-1;0;-1;1;1;-1;1;0;0;-1;1;1;1;0;0;-1;-1;0
user48;1;0;1;-1;-1;-1;0;1;0;1;1;-1;-1;1;0;0;1;-1;-1;0;0;0;1;-1;1;-1;0;0;1;1;1;-1;0;1;-1;1;-1;0;-1;0;1;1;1;0;-1;0;-1;-1;-1;0;-1;1;-1;1;-1;-1;-1;1;-1;0;1;0;-1;0;1;1;1;0;1;-1;-1;0;0;-1;1;-1;1;0;1;1;-1;-1;1;0;0;-1;1;0;-1;-1;-1;-1;0;1;-1;-1;0;0;1;1;1;1;0;1;-1;0;-1;0;1;0;1;0;0;-1;0;-1;0;0;-1;-1;-1;1;-1;0;-1;1;0;0;0;1;-1;0;0;0;-1;1
user49;1;0;1;1;1;1;-1;0;1;-1;1;-1;1;1;1;0;-1;0;0;0;-1;1;-1;1;0;1;0;-1;1;1;0;0;0;-1;-1;0;1;1;1;0;1;1;1;1;-1;1;1;-1;1;1;1;0;1;1;1;1;0;1;1;-1;1;0;0;-1;1;0;1;-1;1;0;-1;0;-1;1;-1;0;0;0;0;1;0;0;1;0;-1;-1;1;-1;1;1;-1;-1;-1;0;0;-1;-1;-1;0;-1;0;1;-1;1;1;1;0;0;-1;0;-1;1;0;0;1;-1;0;-1;-1;0;0;1;1;0;-1;1;0;0;0;-1;-1;1;0;0;1;-1
user50;0;1;-1;0;-1;1;-1;0;0;-1;1;1;1;1;-1;1;-1;0;0;1;0;1;1;-1;-1;-1;-1;0;0;0;0;1;0;-1;1;-1;0;0;-1;-1;-1;0;1;1;0;1;0;1;1;-1;-1;-1;-1;1;-1;-1;0;0;0;1;-1;-1;0;-1;0;1;-1;1;1;-1;1;1;-1;1;-1;0;0;-1;1;0;1;1;1;1;1;1;0;0;0;1;1;1;-1;0;1;-1;1;0;1;0;1;-1;0;1;1;-1;-1;1;-1;1;1;-1;-1;0;1;0;0;0;-1;-1;0;0;-1;-1;0;1;0;0;-1;-1;-1;0;-1;-1;1;1
user51;0;-1;-1;1;1;-1;-1;0;1;-1;0;1;-1;-1;0;1;0;0;-1;1;-1;0;0;0;-1;0;-1;-1;-1;-1;1;0;0;1;1;0;0;1;1;-1;-1;1;0;1;-1;-1;0;0;-1;1;0;0;-1;0;0;-1;-1;-1;-1;-1;1;-1;0;0;0;0;1;-1;1;1;1;-1;0;0;0;-1;1;1;1;-1;1;0;1;1;0;0;-1;0;1;1;1;1;-1;-1;-1;-1;0;0;0;-1;0;1;0;1;1;0;1;0;0;0;1;0;-1;0;1;-1;0;-1;-1;-1;1;1;1;-1;1;-1;0;-1;-1;0;-1;-1;0;-1;-1;-1
user52;0;-1;1;1;1;-1;0;0;-1;-1;-1;1;0;-1;-1;0;1;0;-1;0;1;0;0;-1;1;1;1;0;0;0;1;0;0;-1;0;1;0;-1;-1;-1;-1;0;1;1;0;-1;1;1;-1;-1;-1;0;1;1;-1;1;1;1;1;-1;0;-1;-1;0;-1;1;1;1;1;-1;0;-1;0;-1;0;1;0;0;0;0;0;0;0;1;1;1;0;0;-1;1;1;0;0;0;-1;1;-1;0;0;-1;0;1;-1;0;-1;-1;1;1;0;0;0;1;-1;-1;-1;0;-1;1;0;-1;-1;-1;1;1;0;0;0;0;0;-1;-1;0;0;-1;0;-1
user53;-1;-1;1;-1;-1;1;-1;-1;1;-1;1;1;1;1;1;-1;0;1;-1;-1;-1;1;1;-1;0;-1;1;0;1;1;1;0;-1;-1;0;-1;-1;-1;1;0;-1;1;1;1;1;-1;1;1;1;-1;-1;-1;-1;-1;1;-1;1;0;1;-1;0;0;-1;-1;0;-1;0;1;1;-1;1;1;1;-1;0;-1;1;-1;0;1;0;-1;-1;0;-1;1;-1;1;-1;0;0;-1;-1;1;-1;0;1;-1;-1;1;-1;1;0;0;-1;0;0;-1;-1;-1;0;1;0;0;0;-1;0;-1;0;-1;1;1;-1;-1;-1;1;0;-1;-1;-1;1;0;0;1;1;1
user54;1;0;0;0;-1;1;-1;-1;1;1;0;-1;0;-1;0;0;1;-1;-1;-1;1;1;1;1;1;0;-1;1;-1;1;-1;-1;0;1;-1;-1;1;1;1;0;1;1;-1;1;-1;1;0;-1;1;1;0;-1;0;-1;1;0;0;-1;0;0;1;0;0;-1;0;1;-1;0;1;-1;-1;0;-1;-1;0;0;-1;0;-1;-1;-1;1;1;1;-1;-1;1;-1;1;0;1;0;-1;-1;0;0;-1;-1;-1;1;1;1;1;-1;-1;1;1;0;1;0;0;-1;-1;0;1;0;-1;0;-1;-1;-1;0;0;1;0;1;-1;-1;1;0;0;-1;1;0;0;0
user55;-1;1;1;1;-1;-1;1;-1;-1;1;-1;0;1;-1;1;-1;1;0;-1;-1;1;0;1;1;1;1;1;1;-1;1;1;0;0;1;1;-1;-1;0;0;-1;1;0;0;1;1;0;-1;1;0;1;-1;-1;-1;1;1;1;0;0;-1;0;-1;-1;-1;1;-1;0;0;-1;1;-1;-1;-1;0;0;0;0;0;0;0;1;0;-1;-1;-1;1;-1;1;1;-1;-1;1;1;0;-1;0;1;0;-1;1;1;0;1;0;-1;-1;0;-1;0;0;-1;-1;-1;-1;1;0;-1;-1;0;1;-1;0;1;1;1;0;0;1;0;0;0;0;0;-1;0;-1;-1
user56;0;1;0;0;1;0;-1;-1;1;0;0;0;0;-1;-1;0;-1;0;0;-1;1;0;0;0;1;1;-1;1;1;1;-1;1;0;0;-1;1;0;-1;0;-1;-1;-1;-1;0;0;0;-1;0;1;-1;1;1;-1;1;0;-1;-1;-1;0;-1;-1;0;-1;0;-1;0;0;-1;1;-1;-1;1;-1;0;0;-1;-1;0;0;1;1;0;-1;0;0;0;1;1;0;1;-1;1;-1;1;1;0;0;0;-1;0;-1;1;0;0;0;-1;1;1;1;1;-1;-1;-1;0;-1;1;1;0;0;-1;0;1;0;1;0;-1;-1;1;1;0;0;0;-1;-1;-1;0
user57;1;0;1;0;1;1;0;0;-1;-1;0;-1;1;-1;0;-1;1;-1;0;0;-1;-1;1;0;-1;-1;1;-1;0;0;0;0;0;-1;-1;-1;0;1;1;1;0;-1;0;-1;-1;-1;1;1;-1;1;-1;1;-1;0;0;0;1;1;1;-1;0;-1;0;1;-1;-1;0;1;1;-1;-1;-1;-1;0;-1;-1;0;-1;-1;1;-1;-1;1;0;0;1;0;-1;1;0;0;-1;-1;0;0;1;1;1;0;-1;0;-1;-1;-1;1;-1;-1;-1;1;1;1;0;1;1;0;1;0;1;1;1;-1;0;0;1;1;1;-1;0;-1;1;1;-1;0;1;-1;1
user58;0;1;-1;-1;1;1;-1;-1;0;-1;-1;0;0;-1;-1;0;-1;1;1;1;1;1;0;1;0;0;-1;-1;1;0;0;0;0;1;0;0;1;0;0;0;0;0;0;0;-1;0;0;-1;1;1;0;-1;1;0;0;0;-1;1;-1;0;1;-1;0;-1;1;-1;-1;1;0;-1;0;-1;1;-1;-1;0;-1;-1;1;-1;0;1;0;1;-1;0;0;-1;1;0;-1;-1;0;-1;0;-1;0;1;-1;0;1;-1;-1;0;1;-1;0;1;0;0;1;1;-1;0;0;0;-1;-1;0;1;0;1;0;1;0;0;-1;0;0;-1;-1;-1;0;-1;1;0
user59;0;-1;-1;0;-1;0;1;1;1;1;1;-1;-1;1;0;0;0;-1;0;-1;-1;1;1;-1;1;1;1;1;-1;-1;-1;1;1;1;0;-1;1;1;0;0;-1;0;0;0;1;1;1;-1;-1;0;0;-1;-1;1;0;-1;0;0;1;-1;0;0;1;0;1;1;-1;1;-1;1;-1;1;-1;-1;-1;1;-1;-1;1;0;-1;0;0;1;-1;1;0;1;-1;0;1;1;1;-1;0;-1;1;0;0;1;0;-1;0;0;-1;-1;-1;-1;1;0;1;0;0;-1;1;-1;1;-1;-1;1;1;0;-1;-1;1;-1;0;0;0;-1;1;1;-1;1;-1;1
user60;-1;1;-1;1;1;0;-1;-1;1;-1;-1;-1;-1;0;-1;1;1;-1;0;0;-1;1;1;1;-1;1;1;0;1;1;-1;0;-1;-1;1;0;-1;0;1;0;0;-1;-1;1;0;0;0;1;-1;-1;-1;0;0;0;-1;-1;1;0;-1;1;-1;-1;-1;1;0;0;0;0;1;0;-1;-1;1;-1;1;1;-1;0;1;0;-1;-1;-1;-1;-1;0;-1;-1;0;-1;-1;0;1;-1;1;0;1;-1;1;1;0;1;1;-1;0;0;1;0;0;0;0;0;0;1;1;0;-1;0;1;-1;1;0;0;1;0;-1;-1;0;0;-1;0;-1;-1;-1;-1;0
user61;1;1;1;1;1;0;0;-1;1;1;1;-1;0;-1;1;0;1;0;0;1;-1;1;0;1;0;1;0;-1;0;1;-1;1;1;1;-1;0;1;1;0;1;0;0;-1;1;1;1;0;0;1;-1;0;1;0;1;1;0;0;1;-1;0;-1;-1;-1;1;-1;1;1;-1;0;0;-1;0;0;0;1;0;0;-1;-1;0;1;1;-1;0;-1;0;-1;-1;-1;1;-1;1;0;-1;0;0;-1;0;-1;0;0;0;1;1;0;1;-1;0;1;-1;-1;1;0;1;0;-1;0;0;0;0;-1;0;1;1;0;0;0;0;1;1;0;0;0;-1;0;1
user62;1;0;0;-1;0;1;1;-1;1;-1;0;0;-1;0;0;0;0;0;-1;-1;1;-1;-1;1;1;1;1;-1;-1;-1;-1;-1;1;0;-1;1;0;1;1;-1;0;0;0;-1;1;0;0;0;-1;1;0;-1;1;-1;1;1;1;-1;-1;1;-1;-1;1;1;-1;1;1;1;-1;0;1;-1;0;-1;1;1;0;-1;-1;-1;-1;1;0;1;-1;-1;-1;-1;-1;0;1;-1;-1;0;1;0;-1;1;0;0;0;1;1;1;1;0;-1;-1;0;0;-1;-1;0;1;-1;-1;-1;-1;1;-1;0;0;0;1;1;1;0;0;0;-1;1;1;1;-1;0;1
user63;1;0;-1;-1;-1;0;-1;1;1;-1;0;-1;1;-1;0;0;-1;-1;0;0;-1;0;-1;1;1;1;0;1;0;0;-1;-1;0;1;-1;1;-1;-1;-1;-1;1;0;-1;-1;1;0;-1;-1;-1;1;0;1;0;-1;1;0;-1;-1;1;1;-1;0;0;1;1;-1;0;1;0;1;-1;-1;1;0;0;0;1;0;1;-1;1;0;0;-1;-1;-1;-1;-1;0;-1;1;-1;1;1;1;1;0;0;1;1;1;-1;-1;1;-1;-1;1;0;0;0;1;-1;-1;0;0;1;1;-1;-1;0;0;-1;0;0;-1;-1;0;0;0;-1;-1;1;0;0;1;1
user64;-1;-1;1;-1;1;0;1;-1;-1;-1;-1;-1;1;-1;-1;1;-1;1;-1;0;1;-1;1;0;1;-1;-1;0;1;0;1;0;1;0;1;1;0;1;0;-1;-1;0;1;-1;0;1;1;0;0;0;-1;1;-1;-1;1;-1;-1;0;0;0;0;-1;1;1;-1;1;-1;1;-1;-1;-1;1;1;0;0;0;0;-1;-1;1;-1;1;-1;-1;-1;1;1;0;0;-1;0;0;1;1;0;-1;-1;-1;-1;-1;0;0;-1;-1;1;1;-1;-1;0;0;-1;-1;1;-1;-1;1;-1;0;1;1;0;1;-1;0;-1;-1;0;-1;1;0;1;0;-1;0;0;0
user65;-1;1;0;0;0;-1;0;-1;-1;0;-1;0;0;-1;0;0;-1;0;1;0;0;-1;0;-1;1;0;-1;1;-1;1;1;1;1;0;0;-1;0;1;1;0;0;0;1;1;0;0;1;0;0;0;0;-1;1;-1;-1;0;0;-1;0;0;-1;0;0;-1;-1;0;-1;0;-1;0;1;1;-1;-1;0;0;0;1;-1;1;1;0;-1;1;1;1;-1;-1;0;0;-1;0;0;0;-1;0;-1;1;-1;1;0;-1;0;-1;1;-1;0;1;-1;1;0;-1;1;1;1;0;0;1;1;1;0;-1;-1;1;0;-1;-1;-1;1;-1;-1;-1;1;1;0;1
user66;1;-1;1;-1;1;-1;0;-1;-1;0;-1;-1;-1;0;1;-1;1;0;0;1;0;-1;1;1;0;1;-1;0;1;-1;-1;-1;0;1;1;0;1;0;-1;0;0;0;0;1;0;1;0;0;0;0;-1;1;1;1;-1;0;-1;-1;0;1;-1;-1;-1;1;-1;0;1;0;1;0;-1;-1;0;1;1;1;1;0;0;0;-1;-1;0;-1;0;-1;1;0;0;-1;0;0;1;-1;1;1;-1;0;-1;0;1;-1;1;0;0;1;-1;-1;0;1;1;0;0;1;-1;-1;0;-1;1;1;1;0;-1;-1;0;0;1;0;-1;0;1;0;0;0;1;-1
user67;1;1;-1;1;0;1;-1;-1;-1;-1;1;-1;0;0;-1;-1;1;1;0;1;1;1;-1;-1;-1;-1;-1;-1;-1;0;0;0;1;1;0;0;-1;-1;0;-1;-1;1;0;-1;0;1;-1;1;0;0;-1;0;1;-1;-1;0;1;-1;-1;0;0;1;-1;-1;0;-1;0;-1;0;-1;-1;0;-1;-1;0;1;-1;1;-1;-1;-1;-1;0;-1;-1;-1;0;1;-1;0;-1;1;1;-1;-1;1;1;1;-1;1;-1;0;-1;0;1;-1;0;0;-1;0;-1;1;1;1;0;1;1;1;-1;0;-1;-1;-1;0;0;0;1;-1;-1;0;1;0;0;-1;0;1
user68;0;1;1;0;0;1;1;1;1;-1;1;-1;1;1;1;-1;-1;-1;-1;0;-1;-1;0;-1;1;0;-1;0;1;1;1;1;1;-1;1;0;1;0;0;0;1;1;-1;1;-1;0;-1;-1;0;0;-1;0;0;1;1;0;-1;-1;1;0;-1;0;-1;0;1;1;1;-1;-1;0;-1;1;0;0;0;1;0;-1;1;1;1;1;-1;0;-1;1;1;0;-1;1;1;1;0;0;1;0;0;1;-1;-1;0;1;0;-1;0;0;1;0;-1;1;0;1;1;-1;1;0;0;-1;1;1;-1;0;0;-1;0;-1;1;-1;0;0;0;0;-1;1;0;-1
user69;1;1;0;0;1;0;1;0;0;1;1;-1;1;1;0;0;-1;1;1;0;1;0;0;0;1;0;-1;0;-1;1;1;0;1;0;1;0;0;0;-1;1;0;1;0;-1;-1;0;1;0;-1;-1;-1;-1;-1;1;-1;-1;1;-1;0;1;0;1;1;1;0;1;0;0;0;0;0;-1;-1;0;0;-1;1;-1;-1;1;-1;0;0;1;0;0;-1;0;0;1;0;0;1;0;-1;1;0;0;-1;-1;0;-1;0;-1;1;0;1;-1;1;0;-1;1;-1;1;1;0;1;0;-1;1;1;0;1;-1;0;-1;0;0;-1;1;0;1;1;1;-1;-1
user70;-1;0;1;1;1;1;0;-1;0;0;1;1;1;-1;-1;0;0;-1;-1;0;-1;1;-1;-1;-1;0;1;-1;0;1;1;0;0;1;0;-1;0;-1;0;1;-1;-1;-1;-1;1;0;1;1;1;1;-1;-1;1;-1;1;1;1;-1;1;-1;1;0;0;1;0;0;0;0;1;-1;-1;1;-1;0;-1;0;-1;1;0;0;-1;-1;-1;1;-1;-1;-1;1;1;1;0;-1;0;0;-1;0;0;-1;0;0;0;1;-1;0;0;-1;-1;1;-1;1;0;1;-1;0;0;-1;0;-1;1;-1;1;1;1;1;0;-1;0;1;0;0;1;0;0;1;0;0
user71;1;-1;0;1;1;0;0;1;1;0;1;0;0;1;0;-1;1;1;0;1;0;0;0;-1;1;-1;0;0;1;-1;0;0;-1;1;0;-1;-1;-1;-1;-1;1;0;1;0;1;0;-1;-1;1;-1;0;-1;0;-1;0;0;-1;0;0;0;1;0;0;-1;1;1;0;-1;-1;-1;0;0;-1;-1;1;1;1;-1;0;0;0;-1;0;1;0;-1;1;0;-1;0;1;0;-1;-1;0;-1;1;-1;1;-1;0;1;1;1;0;-1;-1;-1;1;-1;-1;0;-1;0;-1;0;1;1;0;0;-1;-1;0;-1;0;-1;1;0;-1;-1;0;1;1;0;1;0
user72;0;-1;1;0;1;1;1;-1;-1;-1;0;0;-1;1;0;0;-1;-1;1;1;0;0;-1;1;1;-1;0;0;1;1;1;0;-1;0;0;0;1;0;1;1;-1;0;1;1;1;1;-1;0;0;0;1;1;-1;0;-1;-1;-1;-1;1;-1;-1;0;-1;1;-1;-1;1;-1;-1;1;1;0;-1;-1;0;1;-1;1;-1;0;1;0;0;1;1;1;0;0;0;1;0;0;-1;1;1;-1;0;1;-1;0;-1;1;1;-1;0;1;1;0;0;-1;-1;0;1;0;-1;1;0;1;1;0;-1;1;1;-1;1;0;0;0;-1;0;-1;-1;-1;-1;0;1
user73;-1;0;-1;1;0;1;0;-1;1;0;0;-1;1;0;-1;1;1;-1;1;0;0;1;0;0;0;1;0;0;-1;1;-1;1;0;-1;-1;-1;-1;0;0;1;1;1;1;0;0;0;-1;0;0;-1;1;-1;1;0;1;0;0;-1;-1;-1;-1;0;-1;-1;0;0;-1;0;-1;0;0;1;-1;1;0;-1;0;-1;-1;-1;-1;0;0;-1;0;-1;-1;0;-1;1;0;0;0;0;1;1;1;1;0;0;0;1;-1;-1;0;0;0;-1;1;0;0;-1;0;1;1;0;-1;0;1;0;1;1;-1;1;-1;-1;-1;0;1;1;-1;0;-1;1;1;1
user74;1;1;0;0;0;1;1;0;0;-1;1;0;1;0;1;1;-1;0;0;1;1;1;-1;0;-1;-1;0;-1;0;-1;-1;0;-1;0;-1;-1;1;1;0;1;-1;-1;1;-1;1;-1;1;0;1;-1;0;-1;-1;0;1;0;0;0;-1;1;0;1;1;0;-1;-1;1;1;-1;0;-1;1;0;1;-1;-1;0;0;0;0;-1;1;-1;1;0;1;1;0;0;1;0;0;1;-1;-1;0;1;1;-1;-1;0;0;0;1;1;1;-1;1;1;1;0;0;-1;1;-1;0;1;0;-1;-1;-1;-1;1;0;0;1;1;1;0;0;1;0;1;0;-1;1
user75;1;-1;1;-1;1;1;0;0;1;1;0;-1;-1;0;1;0;-1;1;0;-1;0;0;-1;-1;0;0;-1;-1;0;-1;1;1;0;0;-1;-1;-1;-1;1;1;0;-1;-1;0;1;1;1;1;1;1;1;1;0;0;-1;0;1;-1;1;0;1;-1;1;-1;-1;1;-1;-1;0;-1;0;0;-1;0;1;0;1;0;1;-1;0;-1;-1;1;-1;-1;1;-1;0;-1;-1;0;-1;1;-1;1;1;1;0;0;0;1;0;1;-1;0;1;-1;-1;-1;0;1;1;-1;1;0;-1;-1;0;0;1;-1;1;0;1;1;1;0;-1;0;-1;1;1;0;0;-1
user76;1;0;1;-1;0;0;0;0;1;0;1;1;0;1;-1;1;-1;-1;1;0;1;-1;1;0;-1;1;1;-1;-1;0;1;1;0;0;0;-1;1;0;1;1;0;1;0;0;0;1;-1;0;1;0;-1;1;-1;-1;1;1;0;-1;-1;0;1;-1;-1;0;1;0;0;1;1;-1;0;0;-1;1;0;-1;1;1;0;-1;1;1;1;-1;1;0;1;1;1;-1;-1;-1;1;-1;-1;0;-1;-1;1;-1;1;0;1;0;0;1;0;0;-1;1;-1;-1;0;-1;1;0;0;-1;1;-1;0;0;0;-1;-1;-1;-1;-1;0;1;1;0;-1;-1;-1;1
user77;0;-1;-1;0;0;-1;-1;0;1;1;-1;1;1;-1;1;1;1;0;0;-1;1;1;1;0;-1;-1;1;-1;0;1;-1;0;1;-1;-1;1;1;0;-1;1;1;-1;-1;1;1;-1;1;-1;1;-1;1;-1;1;-1;1;0;-1;-1;1;1;0;-1;0;-1;0;-1;-1;-1;0;-1;1;-1;-1;-1;-1;0;0;1;-1;0;-1;1;1;0;1;0;-1;1;1;-1;1;-1;0;-1;0;1;-1;-1;1;0;-1;1;0;0;-1;-1;1;0;-1;0;-1;1;-1;0;-1;0;0;-1;0;1;1;1;0;-1;1;0;1;-1;-1;-1;0;0;-1;0;-1;-1
user78;1;0;1;1;1;1;-1;1;-1;1;1;1;1;-1;-1;-1;1;-1;1;-1;1;-1;1;0;1;-1;-1;0;0;-1;1;-1;1;1;1;0;-1;1;0;0;1;1;0;0;1;-1;0;1;-1;0;1;0;1;0;0;0;1;-1;-1;-1;0;0;-1;0;1;0;0;-1;1;-1;-1;0;-1;1;0;1;-1;-1;0;-1;1;1;1;0;0;1;-1;-1;-1;0;-1;1;-1;1;0;0;-1;-1;-1;-1;-1;1;1;0;0;-1;0;0;-1;1;1;-1;0;1;0;-1;0;0;1;1;-1;1;1;-1;0;1;0;1;0;-1;0;1;-1;0;0;-1
user79;1;0;1;1;-1;1;0;0;-1;0;-1;-1;-1;-1;1;0;1;-1;-1;-1;0;1;0;1;1;-1;-1;1;0;1;1;0;-1;1;0;-1;0;-1;-1;-1;-1;0;1;0;0;-1;1;1;-1;-1;1;0;-1;0;-1;-1;1;-1;0;1;1;-1;0;1;-1;0;-1;0;1;1;0;0;1;1;-1;-1;0;-1;0;0;0;1;1;0;-1;1;0;1;1;0;1;1;-1;0;1;-1;-1;0;0;0;-1;-1;0;1;1;0;1;0;1;-1;-1;1;-1;1;-1;-1;-1;0;-1;-1;1;0;1;1;1;-1;-1;1;-1;0;-1;1;0;1;-1;0
user80;0;-1;1;0;1;-1;-1;0;1;0;1;1;-1;-1;0;-1;-1;0;0;1;0;1;1;-1;-1;-1;-1;-1;1;-1;0;-1;-1;1;1;0;-1;1;-1;-1;0;1;1;-1;-1;1;1;0;0;-1;1;0;0;-1;-1;1;-1;0;0;1;-1;1;1;0;-1;0;0;-1;0;0;0;1;0;-1;-1;0;0;0;1;0;1;1;0;1;-1;1;-1;1;-1;-1;0;0;0;-1;-1;1;-1;0;-1;0;-1;-1;1;-1;1;-1;0;0;1;-1;1;0;-1;-1;1;1;-1;0;0;1;0;0;1;0;1;0;0;1;1;-1;-1;1;1;0;1;0
user81;1;-1;0;-1;-1;1;0;-1;-1;1;0;0;1;1;-1;0;1;0;-1;1;1;-1;0;1;0;0;-1;-1;1;1;0;1;-1;0;-1;0;0;-1;0;1;-1;-1;0;0;-1;0;-1;1;-1;-1;-1;-1;0;0;0;1;0;1;1;0;0;1;0;-1;0;-1;1;-1;-1;-1;-1;-1;1;-1;-1;0;0;0;0;1;1;-1;-1;1;1;0;1;0;1;-1;0;1;0;1;-1;-1;0;0;0;1;1;-1;1;-1;-1;1;1;-1;1;0;1;-1;0;0;-1;-1;-1;0;1;0;-1;0;-1;0;1;-1;-1;0;1;1;-1;0;0;0;0;-1
user82;1;-1;0;0;1;-1;1;1;-1;-1;1;-1;-1;1;0;-1;-1;0;0;0;1;0;-1;0;1;1;-1;1;-1;-1;1;0;-1;0;1;-1;-1;1;-1;-1;0;-1;0;0;1;1;1;-1;0;0;0;0;1;-1;1;-1;-1;1;1;0;-1;0;0;-1;0;-1;0;1;1;1;-1;1;1;1;0;1;0;1;-1;1;-1;1;1;1;0;0;-1;-1;0;-1;0;0;0;-1;0;0;1;-1;0;1;0;-1;0;0;1;0;-1;0;0;0;-1;0;-1;1;0;1;1;0;-1;0;0;1;-1;-1;0;0;-1;-1;-1;-1;1;-1;-1;1;-1;0
user83;-1;-1;1;-1;1;1;1;0;0;0;-1;0;1;-1;0;1;0;0;0;0;0;1;-1;1;0;0;-1;1;1;0;1;1;0;0;0;0;0;1;0;1;0;-1;0;1;-1;-1;-1;-1;0;1;0;-1;1;1;0;0;1;1;-1;-1;1;-1;0;-1;1;-1;0;0;1;1;0;-1;0;0;-1;1;-1;1;-1;1;-1;0;-1;1;1;0;0;-1;-1;0;-1;0;1;0;0;1;-1;1;1;-1;0;1;-1;0;0;-1;1;0;0;1;0;1;0;-1;-1;-1;-1;-1;1;-1;-1;1;0;0;-1;1;-1;0;-1;1;0;-1;0;-1;1;0
user84;-1;0;-1;1;-1;1;1;-1;-1;0;0;1;0;0;0;1;1;-1;-1;1;-1;0;0;1;1;0;-1;1;1;-1;1;0;-1;-1;0;0;1;1;1;-1;1;1;-1;1;0;0;-1;1;0;1;-1;-1;0;0;1;1;0;-1;-1;1;-1;1;-1;-1;-1;-1;1;-1;1;0;0;0;0;1;1;-1;0;1;-1;0;0;0;-1;1;0;1;-1;-1;-1;0;1;0;-1;1;0;-1;1;-1;1;0;-1;0;1;1;0;1;0;1;0;-1;0;-1;0;1;-1;1;-1;-1;0;-1;-1;1;0;0;-1;1;1;0;1;-1;-1;1;0;0;1;-1
user85;-1;-1;0;0;1;1;-1;1;1;-1;1;-1;-1;1;1;-1;0;-1;-1;-1;-1;1;-1;0;0;0;0;-1;-1;1;1;1;0;1;1;1;-1;1;-1;-1;1;1;1;0;1;0;1;-1;-1;1;-1;1;0;0;-1;1;-1;-1;-1;0;1;1;1;0;-1;-1;1;-1;0;1;0;-1;0;1;0;0;1;-1;1;-1;1;-1;0;0;-1;1;0;1;0;-1;1;-1;1;-1;1;-1;-1;1;-1;-1;1;0;0;1;-1;1;0;1;-1;-1;-1;1;0;-1;-1;1;1;-1;0;-1;0;1;0;-1;1;0;0;-1;0;0;0;1;1;0;-1;-1
user86;0;0;1;0;1;-1;0;-1;1;1;1;0;1;0;0;0;-1;1;-1;-1;0;-1;-1;-1;0;1;-1;0;1;0;-1;-1;0;0;0;0;1;1;0;-1;-1;-1;1;1;1;0;-1;-1;-1;-1;0;-1;1;-1;0;-1;0;0;1;0;-1;-1;-1;1;1;-1;0;0;-1;-1;1;1;0;0;0;-1;-1;0;1;0;1;0;0;0;1;-1;1;-1;0;0;-1;1;1;1;-1;1;1;1;0;-1;-1;-1;1;1;-1;1;1;0;0;-1;0;-1;0;1;0;1;0;1;0;0;1;-1;0;1;1;0;1;-1;1;1;0;1;1;-1;1;1
user87;-1;1;0;0;-1;-1;0;1;0;0;1;-1;0;0;0;1;-1;1;-1;0;0;-1;0;0;-1;0;1;1;-1;0;0;0;0;1;0;1;0;0;1;-1;-1;1;-1;1;1;-1;-1;0;-1;0;0;-1;0;1;-1;0;-1;1;0;1;1;1;-1;1;-1;-1;1;-1;1;0;0;-1;-1;0;0;1;-1;-1;0;-1;0;1;1;1;-1;0;0;0;-1;-1;1;0;1;0;1;0;1;0;0;1;0;0;-1;1;-1;1;1;1;0;1;-1;0;1;-1;0;1;0;-1;-1;0;-1;-1;1;1;-1;1;-1;0;0;1;1;-1;1;1;1;1
user88;-1;0;0;0;-1;1;1;-1;0;1;1;1;0;1;0;-1;-1;0;0;-1;-1;0;-1;1;-1;1;-1;1;0;-1;1;0;-1;0;1;-1;0;0;1;1;-1;1;-1;-1;-1;-1;0;0;1;-1;1;-1;-1;0;-1;1;-1;1;0;0;-1;1;-1;0;-1;-1;1;-1;1;0;0;-1;0;-1;-1;1;1;-1;0;0;-1;-1;1;1;0;-1;1;1;0;1;-1;-1;0;1;0;0;0;1;0;0;0;-1;0;-1;-1;1;1;-1;0;-1;0;1;0;0;1;-1;-1;-1;1;1;0;1;1;1;1;0;1;1;1;-1;0;0;-1;-1;-1;1
user89;0;0;1;-1;0;0;0;-1;-1;0;-1;1;0;1;-1;1;-1;0;-1;1;-1;-1;1;-1;1;0;0;-1;1;-1;-1;0;0;0;1;1;-1;0;0;-1;-1;-1;1;-1;1;1;1;0;0;-1;-1;-1;0;1;-1;1;1;1;1;-1;1;0;0;1;0;0;-1;1;1;0;0;1;0;0;0;-1;-1;-1;-1;1;-1;0;0;1;-1;1;-1;0;0;0;-1;-1;0;1;0;-1;1;-1;-1;0;0;1;0;-1;0;0;-1;0;1;-1;-1;0;-1;0;0;1;0;0;-1;0;-1;1;-1;-1;1;-1;-1;1;1;-1;1;1;1;1;1;-1
user90;-1;0;1;-1;-1;-1;-1;1;0;1;0;-1;-1;-1;0;0;-1;1;0;0;-1;1;1;-1;-1;1;-1;-1;-1;0;1;0;0;-1;-1;-1;0;1;1;-1;0;-1;0;1;0;0;-1;-1;-1;-1;1;0;0;0;-1;0;-1;0;-1;1;-1;-1;0;-1;-1;1;1;1;0;0;1;0;0;1;0;1;0;1;0;-1;1;1;0;-1;1;1;0;0;-1;-1;-1;0;1;1;0;0;1;-1;0;0;1;0;0;0;1;1;-1;-1;1;-1;-1;1;1;1;-1;0;1;0;0;0;0;-1;0;0;1;1;1;0;-1;1;1;0;0;1;1;1
user91;0;0;1;-1;-1;1;0;0;1;0;-1;-1;0;-1;-1;1;0;-1;0;1;0;-1;0;1;0;-1;0;-1;-1;1;-1;0;1;-1;-1;1;-1;-1;1;1;-1;1;-1;1;0;-1;-1;0;-1;0;1;-1;-1;0;1;0;-1;1;1;0;0;0;0;0;1;0;1;-1;1;1;-1;1;1;1;0;1;0;-1;0;-1;0;1;1;1;0;1;1;1;1;0;1;0;0;1;-1;0;1;1;0;1;0;0;1;0;-1;-1;0;-1;1;-1;0;-1;-1;1;0;-1;-1;0;-1;-1;1;1;-1;0;0;-1;0;-1;1;-1;-1;-1;-1;0;-1;0
user92;-1;0;-1;1;-1;0;0;1;1;-1;-1;1;0;-1;0;1;1;1;-1;-1;-1;0;0;-1;0;-1;1;0;-1;0;1;-1;1;1;-1;0;-1;1;-1;1;1;-1;0;-1;0;0;1;1;-1;0;1;1;-1;-1;-1;0;-1;1;-1;1;1;0;1;0;1;0;1;0;-1;1;-1;1;-1;0;1;0;1;0;0;0;-1;1;0;1;0;1;0;1;0;0;-1;1;-1;1;1;0;-1;-1;-1;-1;1;0;0;1;-1;-1;0;-1;-1;-1;0;-1;-1;-1;1;-1;0;0;0;0;0;1;0;1;1;-1;-1;-1;-1;1;1;-1;0;1;0;-1
user93;0;-1;1;0;-1;0;-1;-1;1;-1;0;1;1;0;-1;-1;-1;-1;0;-1;-1;-1;0;-1;0;1;0;1;1;-1;1;0;1;0;-1;-1;0;-1;-1;0;1;-1;0;1;0;-1;1;-1;1;1;1;1;0;1;-1;1;1;0;1;1;0;1;-1;0;1;1;1;-1;0;1;1;0;0;-1;0;-1;0;-1;0;0;-1;0;1;-1;0;-1;-1;0;1;1;-1;0;0;1;1;-1;0;1;1;1;-1;1;0;1;1;-1;1;0;0;1;0;-1;1;1;1;0;-1;1;1;-1;-1;-1;1;-1;1;-1;0;1;-1;0;0;-1;0;-1;-1;0
user94;1;0;1;0;-1;1;0;0;1;1;-1;-1;-1;-1;0;1;0;-1;0;0;0;0;0;0;-1;-1;-1;1;1;0;1;0;-1;1;-1;-1;1;0;-1;1;-1;1;1;0;-1;0;0;1;0;0;-1;1;-1;0;0;1;-1;0;1;0;0;1;-1;0;-1;0;-1;-1;0;1;-1;0;-1;1;1;-1;0;-1;0;0;0;0;0;0;0;-1;0;1;1;0;0;-1;-1;-1;0;0;-1;1;0;0;1;1;0;0;0;1;1;0;-1;0;-1;-1;-1;-1;-1;1;1;0;1;0;1;-1;-1;1;-1;1;1;-1;0;-1;1;-1;-1;1;-1;-1
user95;0;0;1;-1;-1;0;-1;1;1;-1;-1;-1;0;0;1;-1;0;-1;-1;-1;0;-1;0;0;0;0;0;-1;0;0;0;-1;-1;1;-1;0;1;-1;1;-1;-1;1;1;1;-1;0;1;0;0;1;-1;1;1;0;1;1;1;0;0;-1;0;0;-1;1;1;-1;-1;0;1;1;-1;-1;-1;1;0;-1;0;0;-1;1;0;0;-1;0;0;-1;-1;1;0;1;-1;0;1;0;-1;-1;-1;-1;-1;1;-1;1;0;0;1;1;-1;-1;-1;0;0;0;-1;1;1;-1;0;1;1;-1;-1;0;1;1;1;1;1;1;-1;1;0;0;1;1;-1;0
user96;0;0;0;0;0;1;1;1;1;0;1;1;-1;0;0;-1;1;1;-1;1;-1;1;0;-1;1;0;1;0;-1;0;0;-1;-1;1;1;-1;0;-1;-1;0;0;0;-1;0;-1;-1;-1;1;1;1;0;-1;0;1;-1;1;-1;1;0;1;-1;-1;-1;1;-1;-1;0;1;0;-1;1;0;0;0;0;1;-1;1;-1;1;-1;-1;-1;1;1;0;-1;0;1;-1;1;-1;0;0;0;1;-1;1;0;1;-1;1;1;-1;1;1;0;1;-1;0;-1;-1;1;-1;1;-1;0;0;-1;-1;0;1;1;-1;1;-1;1;1;0;1;1;1;-1;1;1;0
user97;-1;1;-1;1;0;0;1;-1;0;1;-1;-1;1;-1;0;1;1;1;1;1;-1;-1;1;0;0;0;-1;0;0;-1;0;0;1;1;1;1;0;0;-1;-1;0;1;0;-1;1;-1;0;-1;0;0;1;0;1;0;-1;1;1;0;0;1;1;1;0;0;0;0;1;-1;-1;1;-1;0;1;1;1;-1;1;-1;-1;0;1;-1;0;1;-1;-1;0;1;0;-1;1;1;-1;-1;1;0;1;1;1;1;1;1;0;1;-1;0;1;1;1;1;0;1;0;-1;-1;1;-1;-1;-1;-1;0;0;1;1;-1;1;1;1;1;-1;1;1;1;1;0;1
user98;-1;1;-1;1;1;-1;-1;1;-1;0;1;0;-1;0;-1;1;-1;0;0;0;0;1;1;1;1;-1;0;0;0;-1;0;-1;-1;0;-1;1;1;0;-1;1;-1;1;1;-1;-1;1;0;1;0;1;-1;1;1;-1;-1;1;1;-1;-1;-1;1;1;0;1;0;1;0;-1;1;-1;-1;1;-1;1;0;-1;1;-1;-1;1;-1;-1;-1;0;1;0;1;-1;0;1;-1;0;-1;-1;1;1;-1;1;-1;-1;-1;1;0;-1;-1;0;1;0;0;-1;-1;-1;-1;1;-1;-1;1;-1;1;1;1;0;-1;0;-1;0;0;-1;-1;1;-1;-1;-1;1;-1;1
user99;-1;0;-1;0;0;-1;-1;1;0;0;-1;-1;-1;1;0;0;0;-1;1;1;1;-1;0;1;-1;0;-1;-1;1;1;1;1;1;0;1;-1;1;1;1;0;1;-1;0;1;0;1;-1;0;0;1;-1;-1;0;0;-1;0;1;-1;0;-1;0;1;0;-1;-1;1;-1;1;1;1;-1;-1;0;-1;0;-1;0;1;0;-1;-1;-1;0;0;1;1;-1;0;0;0;1;0;-1;-1;1;1;1;-1;0;0;1;0;1;1;-1;1;0;-1;1;1;1;0;0;-1;1;1;0;1;0;0;1;-1;0;0;1;0;1;0;-1;-1;1;1;-1;1;-1;1
user100;0;-1;0;-1;0;1;1;1;-1;0;1;1;1;0;-1;-1;1;1;-1;0;-1;1;-1;1;0;1;0;1;-1;-1;-1;1;-1;1;-1;1;1;1;-1;0;1;1;0;0;-1;0;-1;0;-1;0;-1;-1;1;-1;1;-1;0;-1;-1;1;0;-1;-1;-1;0;-1;1;0;0;-1;-1;0;0;1;0;0;1;-1;-1;-1;-1;1;1;-1;1;0;1;0;1;0;1;-1;-1;-1;0;-1;1;-1;0;-1;0;-1;1;1;0;0;0;1;0;1;-1;-1;-1;0;-1;1;0;1;-1;0;-1;-1;1;1;-1;-1;-1;0;0;1;0;-1;1;-1;-1;-1
user101;-1;0;0;-1;1;1;1;1;-1;0;-1;1;1;-1;0;-1;1;0;0;0;0;0;-1;1;0;1;-1;0;-1;-1;1;0;0;1;1;-1;-1;1;-1;1;1;-1;0;0;0;0;0;0;0;-1;1;0;-1;1;-1;1;0;1;1;-1;-1;0;0;1;0;0;1;-1;1;1;0;-1;0;-1;0;0;-1;1;1;-1;1;0;1;1;1;1;0;1;-1;-1;1;0;-1;-1;0;1;-1;0;0;1;0;-1;-1;1;1;-1;1;1;1;1;0;0;-1;-1;1;1;1;-1;0;-1;-1;-1;-1;-1;-1;0;0;1;0;0;-1;0;0;-1;1;-1
user102;-1;0;-1;-1;0;1;1;0;1;-1;1;-1;1;-1;0;0;0;1;-1;1;0;0;-1;-1;-1;0;-1;1;0;1;1;1;1;0;1;1;0;0;1;0;0;1;-1;-1;-1;0;0;0;0;1;0;0;-1;1;-1;-1;0;1;-1;0;1;1;-1;1;-1;-1;1;1;-1;-1;0;-1;-1;-1;0;-1;1;1;0;-1;1;1;-1;1;0;0;0;-1;0;-1;1;1;0;-1;-1;-1;1;-1;-1;-1;-1;-1;-1;1;-1;0;1;-1;-1;0;0;-1;-1;-1;-1;-1;1;0;0;1;1;-1;1;1;0;-1;-1;-1;0;-1;-1;-1;0;-1;1;1
user103;-1;-1;1;-1;0;1;-1;1;1;-1;1;0;0;-1;-1;-1;-1;0;1;1;1;1;1;-1;-1;-1;-1;0;0;1;-1;1;1;1;1;-1;1;1;1;1;1;1;1;-1;0;1;0;0;0;-1;1;-1;1;0;-1;0;1;-1;1;1;0;0;-1;-1;1;1;1;-1;1;0;1;1;0;-1;-1;0;0;-1;0;0;0;0;-1;1;0;-1;0;1;1;1;-1;-1;0;1;-1;1;0;-1;-1;-1;-1;-1;-1;0;0;0;0;1;0;-1;1;0;-1;-1;-1;-1;-1;-1;-1;-1;-1;-1;0;0;-1;0;0;1;0;1;1;0;1;-1;-1;0
user104;-1;-1;-1;1;-1;1;-1;1;1;1;0;-1;1;0;1;-1;1;0;1;-1;0;-1;-1;1;1;0;1;0;0;0;1;-1;0;0;0;0;1;-1;1;-1;-1;-1;0;0;1;1;0;1;1;1;-1;1;-1;0;0;0;0;-1;-1;0;1;0;0;1;1;0;0;1;-1;0;1;0;-1;0;1;-1;1;1;-1;0;0;0;0;0;0;-1;-1;1;-1;0;1;1;-1;1;1;1;1;-1;0;-1;0;1;1;0;0;0;1;0;1;-1;1;0;1;0;0;-1;0;1;-1;1;1;-1;-1;-1;1;0;-1;1;0;-1;-1;0;0;1;-1;0
user105;1;-1;-1;1;-1;0;0;-1;0;1;-1;-1;1;0;-1;-1;1;1;0;1;0;0;0;0;-1;0;1;1;0;1;-1;1;1;1;1;1;1;0;0;-1;-1;-1;-1;0;1;0;0;0;0;0;1;-1;1;0;-1;0;1;0;-1;1;0;1;1;-1;-1;-1;-1;0;1;1;0;0;-1;0;-1;-1;1;0;0;0;1;-1;1;1;0;0;1;0;0;1;0;1;0;0;1;0;-1;1;1;0;-1;0;0;-1;-1;-1;-1;1;-1;1;1;0;1;1;0;0;0;1;1;-1;-1;0;1;0;-1;0;0;-1;-1;0;1;-1;0;-1;1;1
user106;-1;-1;1;0;-1;1;-1;1;-1;1;0;0;0;1;-1;-1;0;0;0;-1;-1;-1;1;-1;1;-1;0;0;1;1;0;-1;0;0;0;1;0;-1;1;-1;0;1;-1;-1;-1;-1;-1;0;1;0;1;0;1;-1;1;1;1;1;1;0;-1;0;-1;0;-1;0;1;1;-1;1;1;1;1;1;-1;0;1;1;0;1;-1;1;1;0;0;-1;0;0;1;1;1;0;-1;0;-1;-1;-1;-1;0;1;1;1;0;0;-1;1;-1;1;-1;1;0;-1;0;0;0;-1;1;1;1;1;-1;-1;0;-1;0;-1;0;-1;-1;1;-1;-1;-1;1;0;-1
user107;0;0;1;1;-1;-1;0;1;-1;0;1;1;1;1;-1;-1;-1;-1;1;0;-1;1;0;0;-1;1;-1;1;1;0;1;0;1;0;-1;-1;1;1;0;1;0;0;0;0;0;-1;0;1;-1;1;0;-1;-1;1;-1;-1;1;0;0;0;0;0;0;1;1;0;0;1;-1;-1;-1;1;-1;0;0;0;-1;0;-1;-1;1;-1;0;1;1;1;-1;-1;1;1;-1;1;1;-1;0;0;1;-1;-1;1;1;-1;0;0;1;-1;0;0;0;0;1;1;0;0;-1;1;-1;0;0;0;1;1;0;-1;0;1;0;-1;1;-1;-1;0;-1;0;-1;-1
user108;0;-1;-1;1;-1;-1;0;0;-1;0;1;1;0;1;0;0;1;1;0;-1;1;-1;1;1;1;0;1;-1;0;-1;1;1;1;-1;-1;-1;1;-1;1;-1;1;-1;1;1;0;-1;-1;-1;1;0;1;0;1;0;-1;1;1;-1;1;-1;1;-1;0;1;-1;-1;0;0;-1;1;0;-1;-1;1;-1;-1;-1;-1;1;1;-1;0;0;1;0;-1;1;-1;-1;1;-1;-1;-1;0;1;-1;-1;1;-1;0;0;-1;-1;-1;-1;-1;0;-1;1;-1;-1;1;-1;-1;1;-1;0;1;1;0;-1;-1;-1;1;1;-1;1;1;-1;1;1;-1;0;1;1;1
user109;0;-1;0;0;0;0;0;0;0;0;-1;1;1;1;1;0;1;0;1;1;0;-1;1;-1;1;0;-1;0;1;1;1;0;-1;0;0;0;0;0;1;0;1;-1;-1;-1;-1;-1;-1;1;-1;0;-1;-1;0;0;-1;0;0;0;0;0;-1;1;-1;-1;1;1;0;-1;0;0;-1;1;-1;1;0;1;1;0;1;0;0;-1;-1;-1;0;1;0;0;-1;0;1;0;1;0;-1;0;-1;0;1;0;1;-1;-1;-1;0;1;1;-1;-1;-1;-1;-1;0;0;-1;-1;1;1;-1;-1;1;-1;-1;0;1;0;0;1;-1;0;0;-1;0;0;-1;-1
user110;1;0;1;1;1;0;-1;0;0;1;1;0;0;-1;1;1;1;1;0;0;0;1;-1;-1;-1;0;0;-1;-1;1;1;1;0;-1;-1;1;0;1;1;0;-1;-1;0;0;-1;0;-1;0;1;-1;0;-1;-1;0;-1;-1;1;1;-1;-1;-1;1;-1;1;0;-1;1;0;-1;1;-1;0;-1;1;0;1;0;-1;1;1;1;-1;1;1;-1;0;-1;0;1;-1;1;0;0;-1;0;-1;-1;0;-1;0;1;-1;1;0;1;1;1;1;-1;0;0;0;1;0;1;-1;1;1;0;0;-1;0;0;0;1;-1;-1;1;1;-1;1;-1;-1;1;0;1
user111;-1;0;1;0;-1;-1;1;-1;-1;-1;1;0;0;0;0;0;1;0;0;0;1;0;-1;0;0;0;1;1;1;1;0;0;0;-1;-1;1;-1;-1;-1;0;-1;1;-1;-1;1;1;-1;0;1;-1;1;1;-1;-1;-1;-1;0;0;-1;-1;-1;1;-1;1;0;0;0;-1;1;1;-1;1;1;0;1;-1;-1;1;1;1;1;1;0;0;-1;1;-1;0;0;0;-1;1;-1;1;0;0;-1;0;0;0;-1;1;1;1;0;1;0;1;-1;1;-1;1;0;-1;1;-1;0;1;0;1;0;1;-1;-1;1;-1;0;-1;-1;1;-1;-1;-1;-1;1;1
user112;-1;0;-1;0;0;1;1;1;0;-1;-1;-1;-1;1;1;-1;0;1;-1;-1;1;1;0;0;-1;0;1;-1;1;0;0;1;1;-1;0;0;-1;0;-1;0;0;0;-1;0;1;-1;-1;0;-1;0;1;-1;-1;0;1;1;1;-1;1;1;-1;0;1;1;1;-1;0;-1;-1;-1;1;-1;0;0;1;0;1;1;1;1;-1;0;-1;0;0;0;0;0;1;0;-1;-1;-1;1;1;0;-1;-1;0;0;-1;1;0;1;0;-1;-1;-1;1;1;1;0;0;-1;0;1;-1;-1;1;1;0;0;1;-1;1;1;1;-1;-1;-1;1;0;-1;0;1;0
user113;0;0;0;1;-1;0;-1;-1;0;-1;0;1;-1;0;0;-1;-1;-1;-1;-1;1;0;-1;0;0;1;-1;-1;0;-1;0;1;-1;-1;0;-1;1;0;0;1;-1;0;0;-1;-1;-1;-1;-1;-1;1;1;-1;1;1;1;1;0;-1;-1;0;0;-1;0;1;0;1;1;1;0;0;-1;1;1;1;-1;0;-1;0;0;1;1;0;-1;1;1;0;0;-1;1;1;1;0;0;1;1;1;-1;0;0;0;-1;-1;0;-1;0;-1;-1;1;0;-1;-1;1;0;-1;1;-1;1;1;0;0;-1;1;0;1;1;1;1;1;-1;0;0;0;1;1;1;-1
user114;1;1;-1;1;-1;-1;0;-1;-1;1;0;0;1;0;0;-1;1;0;-1;-1;0;0;-1;1;0;-1;0;-1;1;0;-1;-1;0;-1;1;1;-1;0;-1;-1;1;1;1;0;-1;0;-1;0;-1;-1;1;1;1;0;1;0;0;0;-1;-1;1;0;1;1;-1;1;-1;1;0;0;1;0;1;-1;1;1;0;-1;1;0;0;0;0;0;1;1;1;-1;0;-1;0;0;1;-1;-1;-1;-1;0;-1;1;1;1;0;-1;0;1;-1;1;-1;-1;0;0;0;-1;-1;0;-1;0;1;0;-1;1;1;0;-1;0;1;0;-1;-1;0;0;-1;1;-1;-1
user115;0;-1;-1;0;-1;-1;-1;-1;-1;0;-1;0;0;1;-1;-1;0;1;1;-1;1;0;1;1;-1;-1;-1;0;1;0;1;-1;0;-1;-1;0;0;-1;-1;0;1;0;0;0;0;1;0;1;-1;-1;-1;1;-1;0;1;0;0;0;1;0;0;0;1;-1;-1;0;-1;1;0;-1;-1;-1;1;1;0;1;1;0;1;0;0;0;-1;1;1;-1;1;0;-1;1;-1;1;1;0;-1;-1;-1;-1;-1;0;1;1;-1;1;1;0;1;1;1;1;1;-1;1;-1;0;1;0;1;-1;-1;-1;0;1;-1;1;1;-1;0;1;0;-1;1;1;0;1;-1
user116;0;0;-1;1;0;-1;1;-1;1;-1;0;-1;-1;1;0;-1;0;-1;1;-1;1;0;1;1;-1;-1;0;1;-1;-1;-1;1;-1;1;-1;0;-1;0;0;1;0;0;0;-1;-1;-1;-1;-1;0;1;1;0;-1;0;0;0;1;1;1;1;-1;0;-1;-1;-1;0;1;1;0;-1;-1;0;1;0;0;0;0;-1;-1;1;1;0;1;1;0;1;-1;1;-1;-1;0;0;0;1;-1;-1;-1;1;-1;0;-1;-1;-1;-1;1;0;-1;0;1;-1;-1;0;0;1;1;0;0;1;1;0;1;0;-1;1;0;-1;0;-1;0;-1;1;1;1;-1;-1;1
user117;1;0;1;1;0;0;-1;1;0;0;-1;1;-1;-1;1;0;1;0;0;1;0;-1;-1;-1;0;1;1;0;-1;-1;0;0;1;0;1;-1;1;1;-1;0;-1;1;-1;0;-1;1;0;-1;0;-1;0;1;1;1;1;1;0;0;0;0;0;0;1;0;-1;0;0;1;1;0;1;-1;0;1;-1;-1;1;1;1;-1;1;1;-1;0;1;1;1;-1;1;0;-1;0;1;0;1;1;0;-1;0;-1;1;1;1;1;1;-1;0;0;1;-1;-1;0;1;-1;1;0;0;1;0;0;0;-1;1;-1;1;1;-1;1;-1;1;-1;1;1;1;0;-1
user118;-1;0;0;0;1;1;-1;1;-1;0;1;-1;0;-1;-1;-1;-1;1;-1;0;-1;1;-1;1;0;0;0;-1;1;0;-1;1;1;1;1;0;0;1;1;1;-1;0;1;1;1;1;-1;-1;0;1;-1;0;-1;-1;-1;0;-1;1;1;0;0;1;0;-1;0;-1;0;1;1;-1;1;1;-1;-1;0;1;1;0;0;-1;-1;0;0;0;0;1;1;0;-1;0;0;1;-1;1;-1;0;-1;-1;-1;-1;-1;1;0;0;1;-1;0;0;-1;0;0;1;1;1;0;0;-1;1;1;0;-1;0;-1;1;0;-1;0;0;0;0;1;0;0;1;1;1
user119;1;0;-1;1;0;0;-1;1;1;0;0;1;0;-1;1;-1;0;1;1;1;-1;-1;1;0;-1;0;-1;-1;1;0;-1;0;-1;-1;-1;1;1;1;-1;-1;1;1;1;1;0;0;0;-1;-1;1;1;1;-1;1;0;-1;-1;0;1;-1;1;-1;1;0;-1;0;0;1;1;1;-1;1;1;1;-1;0;1;0;-1;0;-1;-1;-1;-1;1;0;-1;0;-1;1;0;1;1;1;1;-1;-1;1;-1;1;-1;0;-1;1;0;1;0;0;1;-1;-1;0;1;0;-1;1;-1;0;-1;1;0;-1;1;0;0;0;-1;-1;-1;1;0;-1;-1;1;1;0
user120;1;1;0;-1;0;0;0;0;0;0;0;-1;-1;-1;1;-1;-1;0;0;0;1;0;-1;-1;0;0;-1;1;1;0;-1;1;1;-1;-1;0;-1;1;1;1;0;0;1;0;0;0;-1;1;0;0;1;0;-1;0;-1;1;1;-1;1;1;-1;0;-1;-1;0;0;1;0;1;1;-1;0;0;-1;-1;0;-1;0;0;1;0;-1;1;0;1;1;-1;1;0;1;0;0;1;1;1;1;-1;0;0;0;-1;0;0;-1;-1;-1;1;0;-1;1;1;-1;-1;1;-1;-1;1;-1;1;1;-1;1;1;-1;-1;-1;0;-1;-1;-1;1;0;-1;0;-1;-1
user121;-1;0;-1;1;1;-1;1;1;-1;-1;-1;-1;0;-1;0;0;1;-1;-1;-1;0;-1;1;1;0;0;1;-1;-1;1;-1;-1;0;1;-1;-1;1;0;-1;1;1;0;-1;0;-1;0;0;0;1;0;-1;-1;0;0;1;1;1;-1;0;-1;-1;0;0;-1;-1;0;0;1;1;-1;-1;0;1;0;1;1;-1;0;0;1;1;-1;-1;0;0;1;1;-1;0;1;1;-1;-1;1;0;0;-1;0;0;1;-1;0;-1;1;0;1;-1;-1;1;0;1;1;-1;1;1;1;-1;0;-1;0;0;1;1;-1;0;1;1;0;1;1;1;1;0;1;0;1
user122;1;-1;-1;-1;-1;-1;1;0;1;1;0;0;1;-1;1;0;-1;-1;1;0;0;-1;0;1;-1;-1;0;-1;0;-1;1;-1;-1;1;-1;1;0;0;-1;1;-1;1;-1;-1;0;1;0;-1;0;0;1;1;0;0;0;1;-1;0;1;-1;0;1;-1;1;-1;1;-1;-1;0;-1;-1;0;0;0;1;1;1;1;1;0;1;-1;1;-1;0;0;1;0;0;-1;0;-1;0;0;1;1;1;1;-1;-1;1;1;-1;0;1;-1;-1;0;0;-1;1;1;-1;-1;0;1;0;1;0;0;0;0;0;1;1;0;0;-1;-1;1;1;1;0;-1;1;-1
user123;1;0;-1;-1;-1;1;1;1;-1;0;-1;0;-1;-1;1;-1;-1;-1;1;-1;1;-1;-1;0;1;0;0;0;0;0;1;1;-1;-1;0;1;-1;1;-1;-1;-1;1;-1;-1;1;-1;1;1;-1;1;-1;-1;1;0;0;1;-1;1;-1;-1;1;0;1;0;0;-1;1;0;-1;-1;1;0;-1;-1;0;-1;-1;0;1;-1;-1;0;1;0;0;0;0;1;0;0;0;-1;-1;-1;1;-1;0;-1;1;0;1;0;-1;-1;1;1;-1;-1;0;1;1;0;-1;0;0;-1;0;0;0;0;-1;-1;-1;1;-1;0;1;1;-1;0;1;-1;-1;1;0;-1
user124;-1;1;-1;-1;-1;-1;0;1;1;0;1;1;0;0;-1;-1;0;0;1;1;-1;0;1;1;-1;1;-1;-1;1;-1;1;-1;-1;0;0;0;-1;-1;1;1;1;1;1;1;0;0;0;1;-1;1;0;0;-1;0;1;0;1;0;0;0;-1;1;-1;0;1;-1;-1;1;0;-1;1;0;1;-1;1;-1;-1;-1;0;0;1;1;-1;0;-1;1;1;1;-1;1;1;1;-1;1;0;0;-1;1;-1;1;-1;-1;-1;1;-1;-1;1;1;-1;-1;-1;-1;-1;0;1;0;-1;-1;-1;-1;-1;-1;-1;-1;1;1;1;-1;0;1;-1;-1;1;1;1;-1
user125;1;-1;1;-1;1;0;1;1;-1;1;0;0;-1;1;1;0;-1;-1;-1;0;0;-1;0;1;0;-1;-1;0;0;-1;-1;-1;-1;1;1;-1;-1;1;-1;0;-1;1;0;-1;1;-1;1;-1;1;0;-1;1;0;1;1;-1;1;0;0;0;0;1;0;0;0;-1;1;-1;-1;1;0;1;0;1;0;1;0;1;-1;0;1;1;-1;0;-1;0;1;1;1;1;-1;-1;0;0;-1;-1;-1;1;-1;0;0;1;0;-1;-1;1;1;1;-1;0;-1;-1;-1;1;1;1;0;1;-1;-1;-1;1;0;-1;-1;-1;1;-1;1;0;0;-1;1;-1;-1;0
user126;1;-1;-1;1;-1;1;1;-1;-1;0;0;1;0;0;-1;-1;0;0;1;0;1;1;1;-1;1;-1;1;-1;0;1;0;-1;0;-1;-1;0;0;-1;0;1;1;1;1;0;-1;1;0;0;1;-1;1;0;0;-1;-1;-1;1;0;-1;-1;0;0;0;-1;1;0;1;-1;1;-1;0;1;1;-1;-1;-1;1;0;-1;-1;1;1;1;1;1;1;1;0;-1;-1;-1;-1;-1;-1;-1;0;0;-1;-1;-1;0;-1;1;0;0;0;0;-1;0;0;-1;0;1;1;0;-1;1;1;-1;0;1;-1;1;0;-1;0;1;1;-1;1;1;0;0;1;-1;-1
user127;1;0;-1;-1;-1;-1;1;-1;-1;0;0;-1;0;-1;-1;-1;-1;-1;-1;0;-1;0;-1;0;1;1;0;-1;0;-1;0;0;0;-1;-1;0;0;1;-1;0;-1;0;-1;0;-1;0;1;1;1;-1;-1;1;-1;0;0;0;1;0;-1;-1;-1;0;1;1;1;0;1;0;-1;1;1;0;-1;-1;-1;-1;-1;0;-1;0;-1;0;-1;1;1;1;0;1;-1;1;1;-1;-1;0;0;-1;1;0;-1;0;0;0;1;1;1;1;-1;1;1;-1;-1;1;0;0;-1;-1;1;-1;1;1;0;-1;-1;-1;-1;-1;1;-1;1;0;1;-1;-1;1;1;-1
user128;0;0;1;1;1;-1;-1;0;0;-1;1;1;-1;0;-1;1;1;0;-1;1;-1;1;-1;1;0;0;0;-1;0;-1;-1;0;1;1;1;-1;0;-1;1;-1;1;-1;1;1;1;0;-1;1;0;-1;-1;0;1;-1;1;1;0;-1;-1;-1;0;1;0;1;-1;-1;1;1;1;-1;-1;0;1;1;-1;1;-1;0;-1;0;0;1;-1;-1;0;1;0;0;-1;0;1;-1;-1;-1;0;0;0;1;0;0;1;-1;-1;-1;0;-1;-1;-1;1;-1;-1;0;0;1;0;-1;0;-1;-1;1;-1;1;-1;0;1;1;-1;1;0;-1;0;-1;-1;0;-1;0
user129;-1;-1;0;1;1;0;-1;0;-1;1;1;0;1;-1;0;1;0;-1;-1;1;-1;1;0;1;-1;1;1;-1;0;-1;0;-1;0;0;1;-1;-1;1;1;1;0;0;-1;1;1;0;1;-1;0;0;-1;1;0;1;-1;1;-1;1;1;1;0;-1;1;1;0;1;-1;0;1;-1;0;-1;0;0;-1;-1;1;0;1;-1;0;-1;1;-1;0;1;1;-1;0;1;0;0;0;0;1;1;1;0;-1;1;-1;0;1;-1;1;1;-1;0;0;-1;1;1;1;1;1;0;1;1;1;-1;-1;-1;1;1;0;0;-1;0;1;-1;-1;1;0;0;1;1
user130;-1;-1;0;-1;-1;1;-1;0;0;0;0;0;0;0;1;1;1;1;0;0;-1;0;1;1;0;0;0;-1;0;0;0;-1;0;1;1;1;-1;1;1;1;-1;-1;-1;1;-1;1;1;0;1;-1;1;0;1;0;0;0;0;0;0;1;0;1;1;0;0;0;-1;0;-1;1;-1;-1;1;-1;-1;1;1;-1;-1;1;1;0;1;1;-1;0;-1;-1;1;-1;1;1;-1;1;1;1;-1;1;1;-1;-1;1;-1;0;1;0;-1;1;1;0;0;-1;-1;1;-1;0;1;1;1;0;1;0;1;1;0;0;-1;1;1;-1;1;-1;1;-1;0;-1
user131;-1;1;-1;1;1;-1;-1;0;1;1;1;1;0;0;0;-1;1;1;-1;-1;-1;0;1;0;0;1;1;1;1;1;-1;0;0;-1;1;1;-1;-1;0;1;0;0;-1;1;1;-1;0;-1;1;1;0;-1;0;1;1;-1;0;-1;-1;0;1;-1;-1;1;0;0;0;-1;0;0;0;-1;-1;1;-1;1;-1;1;-1;0;-1;0;0;1;-1;1;-1;-1;-1;1;0;1;-1;0;-1;0;1;-1;1;1;0;-1;-1;0;0;0;1;-1;0;-1;-1;0;0;0;-1;0;-1;0;1;1;0;-1;-1;1;1;-1;-1;0;1;0;1;1;-1;1;1;1
user132;-1;0;0;-1;1;-1;0;1;0;0;-1;-1;0;0;0;0;-1;1;-1;0;0;1;-1;1;-1;1;1;0;0;0;1;0;-1;0;1;-1;1;1;0;1;-1;0;1;1;1;1;-1;0;0;1;1;1;0;1;-1;-1;-1;0;-1;1;0;0;1;1;0;0;0;1;0;0;0;1;-1;-1;0;-1;1;0;-1;-1;0;1;-1;-1;-1;-1;1;1;1;0;0;-1;1;0;0;1;1;1;0;0;-1;0;1;-1;0;1;1;-1;-1;0;1;-1;-1;1;1;-1;0;-1;0;-1;1;0;0;1;-1;1;-1;1;1;1;-1;1;0;1;1;0
user133;-1;1;0;-1;0;1;-1;1;-1;-1;0;0;-1;1;-1;1;0;-1;0;-1;-1;0;0;-1;0;-1;-1;-1;1;1;1;-1;-1;-1;1;1;-1;-1;-1;1;1;-1;-1;1;-1;0;1;-1;0;0;0;1;-1;-1;1;1;0;0;-1;0;-1;0;-1;-1;-1;1;0;-1;0;-1;-1;0;0;-1;-1;-1;-1;-1;0;1;-1;0;0;-1;0;-1;-1;-1;1;-1;-1;-1;1;-1;1;1;1;1;-1;-1;1;-1;-1;-1;1;0;0;1;-1;1;0;1;0;0;-1;1;0;-1;0;1;-1;0;1;1;0;-1;-1;0;0;0;0;-1;1;1;-1;0
user134;1;1;1;-1;-1;-1;1;0;0;-1;1;1;-1;-1;0;-1;1;0;1;1;0;-1;0;0;-1;0;0;1;1;1;1;1;0;0;1;0;-1;1;-1;0;1;1;1;1;0;-1;0;1;0;0;1;0;1;0;-1;-1;1;0;-1;-1;0;1;0;-1;1;-1;1;-1;-1;1;1;1;0;1;-1;1;1;1;-1;-1;0;-1;1;1;1;-1;0;1;1;-1;0;-1;0;1;-1;-1;0;-1;0;-1;-1;1;0;1;1;0;0;1;-1;1;-1;-1;1;1;0;1;0;1;1;0;1;1;-1;0;-1;0;-1;0;1;-1;0;1;0;1;0;-1
user135;-1;-1;-1;1;1;-1;1;1;1;1;0;1;-1;1;-1;0;-1;1;0;1;-1;1;0;-1;1;1;-1;-1;-1;-1;0;-1;-1;-1;1;1;1;0;0;0;-1;0;-1;1;-1;0;1;1;0;-1;0;1;0;1;0;-1;-1;-1;0;0;-1;0;-1;0;0;-1;1;0;1;0;-1;1;1;1;1;1;0;0;1;-1;-1;1;-1;1;0;1;1;0;-1;-1;-1;0;1;1;-1;1;-1;1;-1;0;1;-1;-1;0;1;1;1;0;-1;1;0;0;0;1;-1;0;0;0;1;-1;1;1;1;1;1;1;0;0;0;-1;-1;1;0;1;-1;1
user136;-1;-1;-1;0;-1;-1;0;0;-1;0;0;-1;0;0;0;1;0;0;1;0;0;1;1;0;0;1;0;0;-1;1;0;0;0;0;1;1;-1;1;1;-1;0;1;1;0;1;0;1;0;1;1;-1;-1;-1;-1;1;0;1;1;-1;-1;-1;1;1;0;-1;0;1;1;0;-1;1;0;1;0;0;-1;-1;1;-1;-1;1;-1;0;0;0;1;1;0;-1;-1;-1;1;-1;1;0;-1;-1;-1;0;1;0;0;-1;-1;0;-1;-1;-1;-1;0;1;1;-1;-1;-1;0;1;-1;-1;0;1;-1;0;-1;0;0;0;0;1;1;0;1;1;1;-1;1
user137;-1;1;1;1;-1;1;1;-1;1;1;0;1;0;0;-1;-1;-1;-1;1;0;-1;1;0;1;1;0;-1;-1;1;0;1;-1;0;-1;-1;-1;1;0;1;1;1;1;0;0;-1;0;-1;-1;1;-1;-1;0;-1;0;0;0;0;1;1;-1;1;0;1;0;1;1;-1;-1;0;0;1;0;-1;-1;0;-1;0;-1;-1;1;-1;0;-1;-1;0;-1;-1;0;1;-1;-1;1;1;-1;-1;0;-1;1;1;0;1;0;1;0;1;-1;-1;0;0;-1;-1;-1;-1;-1;-1;-1;1;-1;1;1;0;0;0;-1;1;1;-1;0;0;0;0;0;-1;-1;0;-1
user138;-1;0;0;-1;0;-1;0;0;0;-1;1;0;0;1;1;0;-1;-1;0;0;1;-1;-1;1;-1;-1;0;-1;0;0;1;1;-1;1;0;-1;1;0;-1;-1;1;1;0;-1;1;-1;1;1;-1;1;-1;1;-1;0;0;-1;0;0;-1;-1;0;0;0;1;1;-1;-1;-1;-1;-1;1;1;-1;0;-1;0;0;1;0;-1;-1;-1;0;0;-1;1;1;0;0;-1;0;0;1;-1;0;0;0;-1;-1;-1;-1;0;-1;-1;-1;1;-1;1;-1;0;0;-1;1;-1;-1;0;1;1;-1;-1;1;-1;-1;-1;0;1;1;0;-1;-1;0;-1;0;0;-1;1
user139;-1;1;-1;-1;-1;0;1;1;0;0;1;0;-1;1;1;-1;-1;0;1;0;0;0;1;0;-1;-1;0;1;-1;0;0;1;0;0;1;0;-1;-1;-1;-1;1;1;1;1;1;-1;0;1;1;0;1;1;1;-1;-1;-1;0;-1;1;0;1;0;0;1;0;-1;1;-1;1;0;-1;0;-1;-1;0;-1;-1;0;1;1;1;0;-1;1;-1;-1;1;-1;-1;0;-1;0;-1;1;1;-1;0;0;0;0;0;0;-1;0;0;-1;-1;-1;1;1;-1;1;-1;1;-1;-1;-1;-1;1;1;1;-1;0;1;1;-1;1;0;-1;-1;0;-1;1;-1;1;-1
user140;0;1;-1;-1;0;-1;0;-1;1;0;-1;0;1;1;1;-1;1;0;-1;0;-1;-1;0;0;0;1;0;1;-1;1;0;0;-1;0;0;-1;0;0;-1;1;0;-1;0;-1;-1;1;-1;0;0;0;1;0;-1;0;0;1;1;0;1;1;-1;1;-1;1;1;-1;-1;1;1;0;0;0;-1;0;0;0;0;0;-1;1;0;0;1;0;-1;0;-1;0;1;1;1;1;1;-1;-1;-1;1;1;-1;1;0;-1;1;0;-1;0;1;-1;0;1;0;1;1;-1;-1;1;-1;0;-1;0;0;0;-1;-1;-1;0;1;1;-1;1;-1;-1;1;1;0;1
user141;1;0;0;-1;0;0;-1;-1;-1;0;1;-1;0;-1;1;0;1;0;-1;-1;-1;1;0;1;1;-1;1;0;-1;-1;0;1;-1;-1;-1;1;0;0;-1;-1;-1;-1;-1;0;-1;-1;-1;0;-1;-1;0;-1;0;1;-1;0;0;-1;-1;-1;-1;-1;-1;0;0;1;0;-1;0;0;-1;-1;0;-1;1;1;-1;0;0;1;1;0;-1;1;-1;0;1;-1;-1;-1;-1;0;0;0;1;-1;-1;-1;0;-1;0;1;0;-1;1;0;0;-1;-1;0;1;1;1;-1;0;0;0;1;1;0;-1;-1;-1;-1;0;-1;-1;-1;1;-1;0;-1;0;-1;0;1
user142;-1;0;-1;0;1;-1;1;0;0;0;0;1;-1;-1;1;0;1;1;-1;0;0;0;0;-1;-1;0;1;1;0;0;-1;0;-1;-1;0;0;0;0;1;0;-1;-1;-1;-1;-1;0;-1;-1;-1;1;1;0;1;1;-1;-1;-1;-1;0;1;-1;1;0;-1;1;1;1;1;-1;1;1;1;1;1;0;1;-1;1;1;1;-1;1;1;0;1;-1;-1;-1;-1;-1;1;1;0;1;-1;-1;0;-1;-1;-1;0;1;1;0;-1;-1;1;0;1;1;1;-1;-1;0;1;0;0;-1;1;0;-1;-1;0;0;0;1;1;0;-1;1;-1;0;-1;-1;1;1
user143;-1;0;1;1;-1;1;-1;1;-1;-1;-1;0;1;-1;1;-1;0;0;-1;-1;1;-1;-1;-1;-1;-1;0;-1;-1;1;-1;1;1;0;-1;0;1;0;0;1;-1;1;-1;-1;0;1;-1;1;-1;0;1;0;1;-1;0;1;1;0;1;1;1;1;1;0;0;0;-1;1;-1;0;0;0;-1;1;1;0;0;-1;1;0;1;1;1;-1;-1;-1;0;0;-1;1;-1;0;-1;0;-1;0;1;1;-1;1;1;0;0;1;0;1;1;1;0;1;0;0;-1;1;0;-1;1;1;0;-1;1;0;-1;-1;-1;0;0;1;0;1;0;-1;0;0;-1;-1
user144;0;1;1;1;0;1;0;0;0;0;0;0;0;0;0;1;1;-1;1;1;0;0;0;1;0;-1;-1;-1;-1;-1;1;0;0;0;1;0;0;-1;0;0;0;0;0;-1;0;-1;0;0;1;0;0;-1;-1;-1;0;1;0;0;0;-1;1;1;-1;1;0;-1;1;1;0;-1;0;-1;1;1;1;-1;0;-1;-1;-1;1;0;1;-1;1;1;-1;-1;1;-1;-1;-1;1;0;-1;-1;0;0;1;0;0;0;0;-1;-1;-1;-1;0;-1;0;1;0;1;0;-1;1;0;-1;-1;0;-1;1;0;1;1;-1;1;0;1;-1;-1;1;1;1;0;1
user145;-1;1;1;-1;0;0;1;1;-1;0;1;1;-1;0;0;-1;1;-1;1;-1;0;0;0;0;0;-1;1;1;0;1;1;1;1;0;0;0;0;-1;-1;0;0;1;1;0;1;-1;1;-1;0;1;-1;1;-1;0;-1;0;0;0;1;1;1;1;0;-1;1;-1;1;0;1;-1;0;-1;0;-1;0;-1;0;0;1;-1;1;-1;-1;-1;-1;-1;-1;0;0;1;0;1;0;-1;1;1;0;0;0;1;1;1;0;1;1;0;1;0;-1;1;0;0;0;0;0;-1;1;-1;1;1;-1;-1;0;0;-1;1;0;-1;0;-1;-1;1;1;-1;-1;1
user146;-1;0;-1;1;-1;-1;1;1;-1;1;-1;1;0;0;-1;1;-1;-1;0;-1;-1;0;0;-1;0;1;-1;-1;-1;0;0;-1;1;0;0;-1;0;-1;1;-1;0;1;-1;1;-1;1;0;-1;0;1;1;1;1;-1;0;1;-1;1;1;0;-1;0;-1;0;0;0;1;0;0;-1;-1;1;0;0;1;1;0;1;1;1;-1;-1;-1;0;1;1;-1;-1;-1;1;0;-1;1;1;-1;1;-1;1;0;-1;1;0;1;1;1;0;0;0;-1;0;-1;-1;-1;-1;1;1;1;-1;0;0;1;1;-1;1;-1;1;-1;-1;0;0;0;0;1;1;-1;-1
user147;0;0;0;-1;0;-1;-1;-1;-1;1;1;-1;1;-1;1;0;1;0;0;-1;-1;1;-1;1;-1;1;0;1;0;-1;-1;0;0;-1;-1;1;1;-1;-1;-1;-1;1;1;-1;0;1;-1;-1;0;1;1;-1;1;-1;0;-1;-1;-1;-1;1;0;0;-1;0;1;-1;-1;-1;1;-1;1;0;-1;0;1;-1;0;0;-1;1;-1;-1;-1;-1;1;-1;-1;0;1;1;1;0;1;1;0;-1;0;-1;-1;0;-1;-1;1;1;1;1;0;0;0;1;1;0;1;-1;-1;0;0;0;-1;-1;-1;-1;0;1;-1;1;-1;1;0;1;0;1;1;1;1;0
user148;1;0;-1;-1;0;0;1;1;0;1;0;1;0;-1;0;0;1;-1;1;0;-1;0;0;0;1;0;-1;1;-1;0;0;1;0;-1;1;-1;-1;-1;-1;0;0;-1;1;0;-1;0;0;0;-1;-1;-1;1;0;0;-1;0;0;0;-1;-1;-1;-1;1;0;-1;-1;-1;-1;0;-1;0;0;0;0;0;-1;0;1;-1;1;0;1;-1;1;-1;1;1;1;1;1;0;-1;-1;0;0;0;0;1;-1;0;1;-1;1;1;-1;-1;1;1;1;0;0;1;1;1;0;0;1;1;-1;0;1;0;0;1;-1;1;-1;1;-1;0;-1;1;0;1;-1;-1
user149;-1;0;1;-1;0;1;0;0;0;-1;1;-1;1;0;1;0;-1;1;-1;1;1;1;-1;1;0;1;1;0;0;1;-1;1;-1;0;-1;0;0;-1;0;0;-1;-1;-1;0;-1;1;0;1;-1;1;-1;-1;1;1;-1;0;0;1;0;-1;-1;1;-1;1;-1;0;1;-1;1;0;0;1;-1;-1;-1;0;0;-1;-1;0;-1;0;-1;-1;0;0;0;0;0;1;-1;1;-1;0;-1;1;-1;-1;1;0;1;-1;0;-1;0;0;-1;-1;-1;-1;1;-1;1;1;0;-1;1;-1;0;0;1;0;1;1;1;0;1;-1;1;0;0;1;-1;0;-1;1
